customer_id,customer_name,gender,age,city,state,join_date,membership,email
CUST-1001,Bhavna Nair,Male,54,Thane,Maharashtra,2025-04-23,Standard,bhavna.nair23@yahoo.co.in
CUST-1002,Kavita Joshi,Male,50,Lucknow,Uttar Pradesh,2026-02-06,Platinum,kavita.joshi54@outlook.com
CUST-1003,Utkarsh Kulkarni,Male,61,Chandigarh,Punjab,2026-06-18,Silver,utkarsh.kulkarni35@yahoo.co.in
CUST-1004,Pranav Malhotra,Female,72,Thane,Maharashtra,2026-03-29,Platinum,pranav.malhotra70@hotmail.com
CUST-1005,Gaurav Verma,Male,61,Jaipur,Rajasthan,2026-01-19,Gold,gaurav.verma16@hotmail.com
CUST-1006,Pranav Bhat,Male,58,Kolkata,West Bengal,2024-09-26,Silver,pranav.bhat81@gmail.com
CUST-1007,Divya Deshmukh,Male,35,Chandigarh,Punjab,2026-07-10,Standard,divya.deshmukh87@yahoo.co.in
CUST-1008,Riya Bhat,Male,50,Bengaluru,Karnataka,2025-01-05,Platinum,riya.bhat12@hotmail.com
CUST-1009,Karan Patel,Male,68,Surat,Gujarat,2025-04-14,Gold,karan.patel76@yahoo.co.in
CUST-1010,Neha Joshi,Female,29,Chennai,Tamil Nadu,2025-01-18,Silver,neha.joshi16@outlook.com
CUST-1011,Varun Banerjee,Female,29,Ahmedabad,Gujarat,2025-03-01,Gold,varun.banerjee97@gmail.com
CUST-1012,Aaliyah Agarwal,Male,26,Bengaluru,Karnataka,2024-10-02,Standard,aaliyah.agarwal92@hotmail.com
CUST-1013,Isha Kumar,Male,64,Thane,Maharashtra,2026-01-13,Gold,isha.kumar60@hotmail.com
CUST-1014,Sneha Iyer,Female,33,Thane,Maharashtra,2024-12-21,Platinum,sneha.iyer44@gmail.com
CUST-1015,Utkarsh Agarwal,Male,72,Thane,Maharashtra,2025-10-01,Standard,utkarsh.agarwal13@outlook.com
CUST-1016,Rohan Pawar,Female,60,Hyderabad,Telangana,2024-10-17,Platinum,rohan.pawar46@hotmail.com
CUST-1017,Riya Bhat,Female,22,Surat,Gujarat,2025-09-16,Gold,riya.bhat34@yahoo.co.in
CUST-1018,Amit Kumar,Female,51,Pune,Maharashtra,2026-03-12,Silver,amit.kumar62@hotmail.com
CUST-1019,Nikhil Gupta,Female,43,Delhi,Delhi,2026-02-23,Silver,nikhil.gupta83@outlook.com
CUST-1020,Aaliyah Joshi,Female,53,Mysuru,Karnataka,2026-07-05,Gold,aaliyah.joshi44@gmail.com
CUST-1021,Ananya Gupta,Male,74,Pune,Maharashtra,2025-10-21,Silver,ananya.gupta97@yahoo.co.in
CUST-1022,Utkarsh Chowdhury,Female,70,Pune,Maharashtra,2025-03-07,Platinum,utkarsh.chowdhury67@gmail.com
CUST-1023,Rahul Reddy,Female,33,Ahmedabad,Gujarat,2025-04-12,Platinum,rahul.reddy40@yahoo.co.in
CUST-1024,Shreya Verma,Male,25,Mumbai,Maharashtra,2025-06-18,Standard,shreya.verma74@gmail.com
CUST-1025,Kavita Gupta,Female,28,Delhi,Delhi,2026-01-15,Platinum,kavita.gupta42@hotmail.com
CUST-1026,Vikram Verma,Female,56,Mysuru,Karnataka,2026-02-09,Platinum,vikram.verma85@hotmail.com
CUST-1027,Rohan Deshmukh,Female,22,Surat,Gujarat,2025-01-13,Standard,rohan.deshmukh86@gmail.com
CUST-1028,Isha Joshi,Female,71,Lucknow,Uttar Pradesh,2026-02-21,Standard,isha.joshi77@gmail.com
CUST-1029,Meera Joshi,Female,32,Surat,Gujarat,2025-12-09,Gold,meera.joshi30@yahoo.co.in
CUST-1030,Rahul Sharma,Male,41,Kochi,Kerala,2025-09-18,Standard,rahul.sharma69@outlook.com
CUST-1031,Sneha Banerjee,Female,59,Ahmedabad,Gujarat,2024-09-30,Platinum,sneha.banerjee99@gmail.com
CUST-1032,Neha Joshi,Female,32,Nagpur,Maharashtra,2025-08-08,Silver,neha.joshi28@gmail.com
CUST-1033,Tanvi Rao,Female,67,Kolkata,West Bengal,2025-07-14,Gold,tanvi.rao84@yahoo.co.in
CUST-1034,Varun Agarwal,Male,62,Hyderabad,Telangana,2025-08-16,Platinum,varun.agarwal74@hotmail.com
CUST-1035,Alok Iyer,Female,59,Thane,Maharashtra,2025-10-18,Silver,alok.iyer49@yahoo.co.in
CUST-1036,Deepika Malhotra,Female,56,Pune,Maharashtra,2026-01-09,Gold,deepika.malhotra34@hotmail.com
CUST-1037,Nikhil Kulkarni,Female,50,Mysuru,Karnataka,2024-08-17,Standard,nikhil.kulkarni26@hotmail.com
CUST-1038,Divya Kapoor,Male,65,Hyderabad,Telangana,2026-06-08,Standard,divya.kapoor17@yahoo.co.in
CUST-1039,Tanvi Sharma,Female,27,Hyderabad,Telangana,2026-01-30,Silver,tanvi.sharma87@gmail.com
CUST-1040,Sneha Bhat,Male,64,Mysuru,Karnataka,2025-05-27,Standard,sneha.bhat69@hotmail.com
CUST-1041,Pooja Kumar,Male,26,Bengaluru,Karnataka,2025-04-13,Platinum,pooja.kumar93@hotmail.com
CUST-1042,Siddharth Nair,Female,46,Coimbatore,Tamil Nadu,2025-03-18,Platinum,siddharth.nair85@hotmail.com
CUST-1043,Karan Agarwal,Male,67,Lucknow,Uttar Pradesh,2025-07-01,Standard,karan.agarwal41@hotmail.com
CUST-1044,Varun Sharma,Female,58,Kolkata,West Bengal,2025-02-16,Silver,varun.sharma97@gmail.com
CUST-1045,Alok Mehta,Male,22,Lucknow,Uttar Pradesh,2025-04-14,Gold,alok.mehta57@gmail.com
CUST-1046,Aditi Shah,Male,72,Mumbai,Maharashtra,2025-10-14,Standard,aditi.shah41@hotmail.com
CUST-1047,Tanvi Malhotra,Male,28,Pune,Maharashtra,2024-08-16,Standard,tanvi.malhotra28@hotmail.com
CUST-1048,Ananya Sharma,Female,56,Coimbatore,Tamil Nadu,2025-12-22,Platinum,ananya.sharma45@hotmail.com
CUST-1049,Vikram Deshmukh,Male,32,Chandigarh,Punjab,2025-01-31,Standard,vikram.deshmukh48@hotmail.com
CUST-1050,Aaliyah Shinde,Female,38,Kochi,Kerala,2025-11-25,Silver,aaliyah.shinde83@yahoo.co.in
CUST-1051,Tanvi Shinde,Male,46,Indore,Madhya Pradesh,2025-03-14,Gold,tanvi.shinde30@outlook.com
CUST-1052,Isha Agarwal,Male,48,Ahmedabad,Gujarat,2025-06-06,Platinum,isha.agarwal33@outlook.com
CUST-1053,Divya Mehta,Male,28,Kochi,Kerala,2024-08-09,Gold,divya.mehta95@gmail.com
CUST-1054,Sneha Agarwal,Male,24,Kochi,Kerala,2026-05-21,Silver,sneha.agarwal26@outlook.com
CUST-1055,Divya Deshmukh,Male,56,Pune,Maharashtra,2025-05-25,Standard,divya.deshmukh33@hotmail.com
CUST-1056,Sunil Bhat,Male,47,Indore,Madhya Pradesh,2026-05-29,Platinum,sunil.bhat10@gmail.com
CUST-1057,Deepika Das,Male,65,Surat,Gujarat,2026-01-23,Standard,deepika.das37@outlook.com
CUST-1058,Tanvi Chowdhury,Male,26,Chandigarh,Punjab,2025-08-01,Standard,tanvi.chowdhury60@hotmail.com
CUST-1059,Bhavna Nair,Male,64,Thane,Maharashtra,2025-01-12,Gold,bhavna.nair54@hotmail.com
CUST-1060,Riya Kapoor,Female,68,Nagpur,Maharashtra,2025-08-18,Gold,riya.kapoor63@yahoo.co.in
CUST-1061,Nikhil Banerjee,Female,47,Delhi,Delhi,2026-07-04,Silver,nikhil.banerjee85@hotmail.com
CUST-1062,Sneha Kapoor,Male,28,Delhi,Delhi,2025-04-04,Silver,sneha.kapoor54@yahoo.co.in
CUST-1063,Shreya Chowdhury,Female,29,Mysuru,Karnataka,2025-12-12,Gold,shreya.chowdhury92@gmail.com
CUST-1064,Alok Singh,Female,69,Nagpur,Maharashtra,2026-05-03,Standard,alok.singh52@hotmail.com
CUST-1065,Priya Patel,Female,34,Lucknow,Uttar Pradesh,2026-04-25,Gold,priya.patel21@yahoo.co.in
CUST-1066,Isha Patel,Male,42,Bengaluru,Karnataka,2025-03-24,Platinum,isha.patel49@outlook.com
CUST-1067,Aarav Deshmukh,Female,65,Thane,Maharashtra,2024-09-08,Gold,aarav.deshmukh10@yahoo.co.in
CUST-1068,Manish Pawar,Male,30,Jaipur,Rajasthan,2025-03-12,Standard,manish.pawar76@outlook.com
CUST-1069,Aditi Bhat,Female,31,Jaipur,Rajasthan,2026-04-28,Gold,aditi.bhat55@gmail.com
CUST-1070,Shreya Nair,Male,73,Ahmedabad,Gujarat,2026-03-25,Platinum,shreya.nair20@outlook.com
CUST-1071,Dev Deshmukh,Female,56,Mysuru,Karnataka,2024-10-19,Platinum,dev.deshmukh28@yahoo.co.in
CUST-1072,Aditi Reddy,Female,70,Ahmedabad,Gujarat,2026-07-22,Standard,aditi.reddy51@gmail.com
CUST-1073,Sanjay Patel,Female,35,Pune,Maharashtra,2026-04-08,Standard,sanjay.patel66@hotmail.com
CUST-1074,Rahul Pawar,Female,34,Hyderabad,Telangana,2024-08-03,Gold,rahul.pawar67@hotmail.com
CUST-1075,Alok Nair,Male,46,Kochi,Kerala,2024-08-05,Gold,alok.nair63@gmail.com
CUST-1076,Vikram Sharma,Male,71,Surat,Gujarat,2024-08-20,Gold,vikram.sharma60@yahoo.co.in
CUST-1077,Sunil Kapoor,Female,34,Hyderabad,Telangana,2025-11-08,Gold,sunil.kapoor98@gmail.com
CUST-1078,Karan Banerjee,Male,62,Nagpur,Maharashtra,2026-02-05,Standard,karan.banerjee49@gmail.com
CUST-1079,Sanjay Deshmukh,Female,54,Hyderabad,Telangana,2025-09-23,Standard,sanjay.deshmukh83@gmail.com
CUST-1080,Ananya Chowdhury,Female,74,Chandigarh,Punjab,2025-03-08,Standard,ananya.chowdhury97@hotmail.com
CUST-1081,Siddharth Patel,Female,74,Surat,Gujarat,2024-10-30,Platinum,siddharth.patel93@hotmail.com
CUST-1082,Aarav Das,Female,42,Mumbai,Maharashtra,2025-09-06,Platinum,aarav.das16@hotmail.com
CUST-1083,Varun Pawar,Male,41,Delhi,Delhi,2026-05-19,Standard,varun.pawar59@gmail.com
CUST-1084,Divya Rao,Male,75,Nagpur,Maharashtra,2025-10-20,Gold,divya.rao27@yahoo.co.in
CUST-1085,Deepika Malhotra,Male,59,Delhi,Delhi,2026-02-08,Gold,deepika.malhotra28@gmail.com
CUST-1086,Priya Gupta,Male,60,Bengaluru,Karnataka,2026-05-01,Platinum,priya.gupta61@hotmail.com
CUST-1087,Sneha Deshmukh,Male,49,Pune,Maharashtra,2025-10-05,Silver,sneha.deshmukh51@hotmail.com
CUST-1088,Chetan Sharma,Female,41,Indore,Madhya Pradesh,2025-06-21,Silver,chetan.sharma27@yahoo.co.in
CUST-1089,Sneha Mehta,Female,28,Mysuru,Karnataka,2025-12-17,Platinum,sneha.mehta53@outlook.com
CUST-1090,Ananya Mehta,Female,74,Kochi,Kerala,2025-08-18,Standard,ananya.mehta82@hotmail.com
CUST-1091,Shreya Agarwal,Female,50,Lucknow,Uttar Pradesh,2026-02-19,Platinum,shreya.agarwal84@yahoo.co.in
CUST-1092,Dev Banerjee,Male,52,Coimbatore,Tamil Nadu,2025-07-23,Platinum,dev.banerjee41@hotmail.com
CUST-1093,Kavita Chowdhury,Male,71,Thane,Maharashtra,2024-12-22,Standard,kavita.chowdhury99@hotmail.com
CUST-1094,Neha Mehta,Male,75,Nagpur,Maharashtra,2024-11-28,Gold,neha.mehta84@hotmail.com
CUST-1095,Sunil Joshi,Female,71,Ahmedabad,Gujarat,2026-05-05,Gold,sunil.joshi35@gmail.com
CUST-1096,Tanvi Kumar,Male,60,Thane,Maharashtra,2025-02-13,Silver,tanvi.kumar53@yahoo.co.in
CUST-1097,Pranav Kapoor,Male,25,Nagpur,Maharashtra,2026-01-07,Silver,pranav.kapoor86@hotmail.com
CUST-1098,Vikram Kumar,Male,49,Ahmedabad,Gujarat,2025-09-09,Gold,vikram.kumar95@gmail.com
CUST-1099,Isha Patel,Male,41,Indore,Madhya Pradesh,2025-03-16,Gold,isha.patel20@yahoo.co.in
CUST-1100,Sanjay Singh,Male,35,Surat,Gujarat,2025-10-05,Platinum,sanjay.singh94@gmail.com
CUST-1101,Sneha Shah,Male,27,Kochi,Kerala,2026-05-11,Silver,sneha.shah22@gmail.com
CUST-1102,Amit Mehta,Male,50,Pune,Maharashtra,2025-02-17,Gold,amit.mehta55@outlook.com
CUST-1103,Aniket Banerjee,Male,29,Chennai,Tamil Nadu,2024-08-08,Gold,aniket.banerjee55@outlook.com
CUST-1104,Kavita Agarwal,Male,43,Mysuru,Karnataka,2026-07-18,Standard,kavita.agarwal21@gmail.com
CUST-1105,Karan Kapoor,Female,49,Ahmedabad,Gujarat,2025-09-30,Silver,karan.kapoor73@gmail.com
CUST-1106,Neha Kulkarni,Female,31,Lucknow,Uttar Pradesh,2025-07-22,Standard,neha.kulkarni24@yahoo.co.in
CUST-1107,Aniket Singh,Female,49,Coimbatore,Tamil Nadu,2024-09-15,Silver,aniket.singh51@gmail.com
CUST-1108,Sunil Deshmukh,Female,25,Nagpur,Maharashtra,2024-10-14,Gold,sunil.deshmukh50@gmail.com
CUST-1109,Tanvi Mehta,Female,35,Lucknow,Uttar Pradesh,2025-01-16,Standard,tanvi.mehta74@outlook.com
CUST-1110,Ananya Bhat,Female,57,Surat,Gujarat,2026-06-27,Standard,ananya.bhat45@yahoo.co.in
CUST-1111,Aniket Pawar,Male,30,Bengaluru,Karnataka,2026-01-11,Standard,aniket.pawar44@yahoo.co.in
CUST-1112,Rohan Kulkarni,Female,66,Hyderabad,Telangana,2025-01-18,Gold,rohan.kulkarni16@hotmail.com
CUST-1113,Arjun Singh,Female,30,Pune,Maharashtra,2024-11-18,Standard,arjun.singh90@gmail.com
CUST-1114,Amit Rao,Female,71,Jaipur,Rajasthan,2025-05-16,Standard,amit.rao43@hotmail.com
CUST-1115,Sunil Kulkarni,Female,39,Hyderabad,Telangana,2025-07-18,Gold,sunil.kulkarni75@hotmail.com
CUST-1116,Rahul Kulkarni,Male,53,Kolkata,West Bengal,2025-03-20,Silver,rahul.kulkarni12@gmail.com
CUST-1117,Aniket Bhat,Male,68,Chennai,Tamil Nadu,2025-10-28,Gold,aniket.bhat70@yahoo.co.in
CUST-1118,Aditi Agarwal,Male,27,Jaipur,Rajasthan,2025-11-25,Standard,aditi.agarwal85@hotmail.com
CUST-1119,Aditi Rao,Female,36,Chennai,Tamil Nadu,2024-08-01,Platinum,aditi.rao80@outlook.com
CUST-1120,Rohan Deshmukh,Female,54,Thane,Maharashtra,2024-08-24,Standard,rohan.deshmukh95@hotmail.com
CUST-1121,Kunal Verma,Male,69,Bengaluru,Karnataka,2026-07-15,Gold,kunal.verma72@yahoo.co.in
CUST-1122,Pranav Rao,Female,57,Nagpur,Maharashtra,2026-05-02,Platinum,pranav.rao22@yahoo.co.in
CUST-1123,Nikhil Malhotra,Female,65,Lucknow,Uttar Pradesh,2025-12-08,Gold,nikhil.malhotra50@hotmail.com
CUST-1124,Aarav Nair,Male,66,Kochi,Kerala,2025-08-23,Standard,aarav.nair14@yahoo.co.in
CUST-1125,Rahul Shinde,Male,24,Delhi,Delhi,2026-07-04,Silver,rahul.shinde87@yahoo.co.in
CUST-1126,Chaitanya Reddy,Male,51,Kolkata,West Bengal,2024-11-12,Platinum,chaitanya.reddy78@gmail.com
CUST-1127,Divya Gupta,Female,67,Chennai,Tamil Nadu,2024-12-15,Gold,divya.gupta71@gmail.com
CUST-1128,Yash Chowdhury,Male,65,Kochi,Kerala,2024-12-28,Platinum,yash.chowdhury18@hotmail.com
CUST-1129,Amit Deshmukh,Male,62,Ahmedabad,Gujarat,2025-05-25,Silver,amit.deshmukh88@yahoo.co.in
CUST-1130,Sneha Banerjee,Male,75,Kolkata,West Bengal,2025-05-22,Standard,sneha.banerjee14@yahoo.co.in
CUST-1131,Aniket Iyer,Male,53,Mumbai,Maharashtra,2025-02-01,Gold,aniket.iyer45@hotmail.com
CUST-1132,Pooja Pawar,Female,58,Indore,Madhya Pradesh,2026-04-13,Gold,pooja.pawar43@hotmail.com
CUST-1133,Sneha Banerjee,Female,30,Mumbai,Maharashtra,2024-10-10,Silver,sneha.banerjee84@outlook.com
CUST-1134,Rohan Pawar,Female,75,Ahmedabad,Gujarat,2025-05-21,Silver,rohan.pawar62@hotmail.com
CUST-1135,Divya Nair,Female,57,Surat,Gujarat,2025-11-18,Gold,divya.nair18@gmail.com
CUST-1136,Arjun Gupta,Male,54,Kolkata,West Bengal,2024-12-10,Silver,arjun.gupta41@hotmail.com
CUST-1137,Kavita Rao,Male,72,Lucknow,Uttar Pradesh,2025-07-11,Gold,kavita.rao14@hotmail.com
CUST-1138,Alok Agarwal,Female,35,Kochi,Kerala,2026-03-04,Platinum,alok.agarwal10@gmail.com
CUST-1139,Neha Nair,Male,64,Ahmedabad,Gujarat,2026-04-28,Gold,neha.nair94@yahoo.co.in
CUST-1140,Dev Mehta,Female,52,Lucknow,Uttar Pradesh,2025-07-24,Platinum,dev.mehta71@gmail.com
CUST-1141,Aarav Malhotra,Male,50,Chennai,Tamil Nadu,2024-12-16,Silver,aarav.malhotra55@yahoo.co.in
CUST-1142,Bhavna Deshmukh,Male,65,Jaipur,Rajasthan,2025-02-11,Platinum,bhavna.deshmukh80@hotmail.com
CUST-1143,Aarav Singh,Male,66,Chandigarh,Punjab,2025-03-13,Silver,aarav.singh90@yahoo.co.in
CUST-1144,Manish Das,Female,31,Jaipur,Rajasthan,2025-08-06,Gold,manish.das82@yahoo.co.in
CUST-1145,Utkarsh Verma,Male,53,Chennai,Tamil Nadu,2025-10-23,Gold,utkarsh.verma30@gmail.com
CUST-1146,Aaliyah Pawar,Female,45,Chennai,Tamil Nadu,2026-06-17,Silver,aaliyah.pawar98@hotmail.com
CUST-1147,Sneha Mehta,Male,27,Delhi,Delhi,2025-06-07,Silver,sneha.mehta83@outlook.com
CUST-1148,Shreya Nair,Female,44,Kolkata,West Bengal,2025-04-27,Platinum,shreya.nair95@gmail.com
CUST-1149,Aaliyah Verma,Male,72,Coimbatore,Tamil Nadu,2025-08-11,Gold,aaliyah.verma13@outlook.com
CUST-1150,Karan Malhotra,Female,69,Kochi,Kerala,2026-02-26,Gold,karan.malhotra47@outlook.com
CUST-1151,Meera Das,Male,65,Mysuru,Karnataka,2026-05-27,Gold,meera.das62@outlook.com
CUST-1152,Sunil Verma,Male,27,Nagpur,Maharashtra,2024-11-27,Platinum,sunil.verma95@yahoo.co.in
CUST-1153,Nikhil Singh,Female,27,Hyderabad,Telangana,2025-11-16,Gold,nikhil.singh44@yahoo.co.in
CUST-1154,Varun Kapoor,Female,29,Bengaluru,Karnataka,2026-04-18,Standard,varun.kapoor37@gmail.com
CUST-1155,Bhavna Joshi,Female,74,Pune,Maharashtra,2026-05-01,Platinum,bhavna.joshi53@outlook.com
CUST-1156,Sunil Gupta,Male,44,Nagpur,Maharashtra,2025-10-25,Gold,sunil.gupta15@yahoo.co.in
CUST-1157,Chaitanya Verma,Female,73,Delhi,Delhi,2025-11-02,Silver,chaitanya.verma76@hotmail.com
CUST-1158,Pooja Sharma,Female,62,Chandigarh,Punjab,2025-12-23,Silver,pooja.sharma68@gmail.com
CUST-1159,Pranav Kapoor,Female,31,Kolkata,West Bengal,2025-02-02,Platinum,pranav.kapoor26@outlook.com
CUST-1160,Rahul Iyer,Male,69,Lucknow,Uttar Pradesh,2026-07-08,Platinum,rahul.iyer56@yahoo.co.in
CUST-1161,Chaitanya Verma,Male,35,Surat,Gujarat,2025-09-01,Gold,chaitanya.verma39@yahoo.co.in
CUST-1162,Chaitanya Gupta,Female,23,Hyderabad,Telangana,2025-03-17,Silver,chaitanya.gupta98@outlook.com
CUST-1163,Priya Mehta,Female,51,Lucknow,Uttar Pradesh,2025-05-05,Gold,priya.mehta53@gmail.com
CUST-1164,Sneha Reddy,Female,26,Chandigarh,Punjab,2025-08-20,Standard,sneha.reddy24@gmail.com
CUST-1165,Bhavna Kulkarni,Male,54,Ahmedabad,Gujarat,2024-09-12,Standard,bhavna.kulkarni51@gmail.com
CUST-1166,Divya Shinde,Female,65,Ahmedabad,Gujarat,2025-12-28,Silver,divya.shinde75@gmail.com
CUST-1167,Pranav Kapoor,Female,30,Surat,Gujarat,2026-02-28,Platinum,pranav.kapoor84@hotmail.com
CUST-1168,Sunil Rao,Female,40,Kochi,Kerala,2025-02-02,Standard,sunil.rao52@gmail.com
CUST-1169,Manish Gupta,Female,24,Kolkata,West Bengal,2024-09-15,Standard,manish.gupta60@outlook.com
CUST-1170,Pooja Gupta,Female,65,Jaipur,Rajasthan,2026-07-18,Gold,pooja.gupta36@outlook.com
CUST-1171,Aaliyah Verma,Female,25,Surat,Gujarat,2025-09-22,Silver,aaliyah.verma17@yahoo.co.in
CUST-1172,Karan Joshi,Female,69,Surat,Gujarat,2025-09-17,Platinum,karan.joshi52@gmail.com
CUST-1173,Aaliyah Bhat,Female,22,Nagpur,Maharashtra,2025-08-15,Gold,aaliyah.bhat47@outlook.com
CUST-1174,Neha Nair,Male,58,Mumbai,Maharashtra,2025-08-25,Platinum,neha.nair81@gmail.com
CUST-1175,Utkarsh Kapoor,Male,31,Chandigarh,Punjab,2026-05-21,Platinum,utkarsh.kapoor60@hotmail.com
CUST-1176,Rahul Kumar,Male,58,Nagpur,Maharashtra,2025-02-27,Gold,rahul.kumar89@yahoo.co.in
CUST-1177,Sneha Kapoor,Male,66,Surat,Gujarat,2025-06-17,Gold,sneha.kapoor62@gmail.com
CUST-1178,Kunal Kapoor,Male,67,Kochi,Kerala,2025-02-22,Silver,kunal.kapoor75@hotmail.com
CUST-1179,Sunil Chowdhury,Female,66,Chandigarh,Punjab,2025-12-05,Silver,sunil.chowdhury61@outlook.com
CUST-1180,Amit Das,Male,49,Kolkata,West Bengal,2025-06-03,Platinum,amit.das25@gmail.com
CUST-1181,Sneha Gupta,Female,59,Ahmedabad,Gujarat,2024-12-01,Silver,sneha.gupta70@outlook.com
CUST-1182,Tanvi Kulkarni,Male,67,Jaipur,Rajasthan,2025-04-12,Silver,tanvi.kulkarni84@yahoo.co.in
CUST-1183,Sachin Kulkarni,Female,32,Pune,Maharashtra,2025-01-16,Standard,sachin.kulkarni50@gmail.com
CUST-1184,Yash Kapoor,Female,52,Ahmedabad,Gujarat,2025-11-20,Silver,yash.kapoor85@yahoo.co.in
CUST-1185,Shreya Joshi,Male,46,Hyderabad,Telangana,2026-02-20,Gold,shreya.joshi20@gmail.com
CUST-1186,Arjun Malhotra,Male,23,Bengaluru,Karnataka,2026-04-13,Gold,arjun.malhotra42@hotmail.com
CUST-1187,Isha Kapoor,Male,35,Thane,Maharashtra,2024-11-06,Standard,isha.kapoor28@gmail.com
CUST-1188,Kunal Mehta,Male,50,Kolkata,West Bengal,2025-06-03,Platinum,kunal.mehta13@outlook.com
CUST-1189,Aditi Rao,Male,69,Pune,Maharashtra,2025-09-11,Platinum,aditi.rao12@outlook.com
CUST-1190,Rohan Reddy,Female,28,Indore,Madhya Pradesh,2026-06-14,Platinum,rohan.reddy28@yahoo.co.in
CUST-1191,Dev Shinde,Female,64,Mumbai,Maharashtra,2026-07-02,Platinum,dev.shinde35@hotmail.com
CUST-1192,Ananya Agarwal,Female,68,Delhi,Delhi,2025-05-03,Gold,ananya.agarwal37@yahoo.co.in
CUST-1193,Vikram Joshi,Male,48,Bengaluru,Karnataka,2026-01-01,Silver,vikram.joshi33@gmail.com
CUST-1194,Aarav Deshmukh,Male,75,Kochi,Kerala,2025-09-06,Platinum,aarav.deshmukh13@yahoo.co.in
CUST-1195,Nikhil Iyer,Male,65,Jaipur,Rajasthan,2025-03-12,Gold,nikhil.iyer40@hotmail.com
CUST-1196,Shreya Patel,Female,62,Mumbai,Maharashtra,2024-09-25,Silver,shreya.patel25@yahoo.co.in
CUST-1197,Rohan Bhat,Female,53,Indore,Madhya Pradesh,2025-09-18,Silver,rohan.bhat37@gmail.com
CUST-1198,Tanvi Bhat,Female,47,Coimbatore,Tamil Nadu,2026-01-11,Standard,tanvi.bhat15@hotmail.com
CUST-1199,Pranav Nair,Female,61,Mumbai,Maharashtra,2025-07-08,Silver,pranav.nair45@gmail.com
CUST-1200,Aarav Shinde,Female,70,Delhi,Delhi,2025-07-09,Silver,aarav.shinde86@gmail.com
CUST-1201,Sunil Bhat,Female,56,Delhi,Delhi,2025-11-19,Platinum,sunil.bhat80@gmail.com
CUST-1202,Vikram Joshi,Female,44,Indore,Madhya Pradesh,2026-02-27,Gold,vikram.joshi44@yahoo.co.in
CUST-1203,Shreya Verma,Female,74,Hyderabad,Telangana,2024-12-07,Silver,shreya.verma72@yahoo.co.in
CUST-1204,Dev Patel,Female,35,Lucknow,Uttar Pradesh,2025-04-09,Standard,dev.patel83@hotmail.com
CUST-1205,Rahul Chowdhury,Male,73,Pune,Maharashtra,2026-03-16,Gold,rahul.chowdhury91@outlook.com
CUST-1206,Varun Malhotra,Male,63,Delhi,Delhi,2025-08-17,Platinum,varun.malhotra55@hotmail.com
CUST-1207,Priya Agarwal,Male,72,Bengaluru,Karnataka,2024-09-08,Standard,priya.agarwal78@hotmail.com
CUST-1208,Varun Shah,Female,57,Thane,Maharashtra,2026-02-17,Gold,varun.shah12@outlook.com
CUST-1209,Pranav Kulkarni,Male,52,Kochi,Kerala,2026-04-04,Gold,pranav.kulkarni52@hotmail.com
CUST-1210,Kunal Chowdhury,Female,24,Kolkata,West Bengal,2025-09-06,Gold,kunal.chowdhury10@outlook.com
CUST-1211,Deepika Deshmukh,Female,30,Surat,Gujarat,2024-12-28,Platinum,deepika.deshmukh81@yahoo.co.in
CUST-1212,Utkarsh Gupta,Female,51,Delhi,Delhi,2025-07-22,Gold,utkarsh.gupta45@gmail.com
CUST-1213,Sanjay Malhotra,Male,64,Nagpur,Maharashtra,2025-09-04,Platinum,sanjay.malhotra46@yahoo.co.in
CUST-1214,Aaliyah Nair,Female,58,Thane,Maharashtra,2026-07-19,Silver,aaliyah.nair46@hotmail.com
CUST-1215,Bhavna Rao,Female,63,Surat,Gujarat,2026-04-29,Platinum,bhavna.rao51@outlook.com
CUST-1216,Riya Joshi,Male,26,Jaipur,Rajasthan,2025-04-15,Platinum,riya.joshi13@yahoo.co.in
CUST-1217,Manish Banerjee,Male,24,Surat,Gujarat,2025-09-19,Standard,manish.banerjee93@gmail.com
CUST-1218,Neha Pawar,Female,69,Ahmedabad,Gujarat,2026-03-31,Gold,neha.pawar24@hotmail.com
CUST-1219,Divya Joshi,Female,49,Lucknow,Uttar Pradesh,2024-08-01,Platinum,divya.joshi44@yahoo.co.in
CUST-1220,Kunal Nair,Female,22,Kolkata,West Bengal,2025-12-17,Standard,kunal.nair45@yahoo.co.in
CUST-1221,Aditi Sharma,Female,37,Kochi,Kerala,2026-03-17,Platinum,aditi.sharma68@gmail.com
CUST-1222,Riya Mehta,Male,55,Kolkata,West Bengal,2024-10-27,Platinum,riya.mehta10@gmail.com
CUST-1223,Arjun Joshi,Female,57,Chennai,Tamil Nadu,2026-05-13,Standard,arjun.joshi65@yahoo.co.in
CUST-1224,Aaliyah Chowdhury,Male,74,Mysuru,Karnataka,2024-11-25,Silver,aaliyah.chowdhury33@gmail.com
CUST-1225,Aniket Kulkarni,Male,50,Surat,Gujarat,2025-04-24,Standard,aniket.kulkarni52@yahoo.co.in
CUST-1226,Meera Deshmukh,Male,64,Mysuru,Karnataka,2025-04-04,Platinum,meera.deshmukh75@hotmail.com
CUST-1227,Meera Reddy,Male,49,Mumbai,Maharashtra,2024-10-19,Gold,meera.reddy62@outlook.com
CUST-1228,Pooja Iyer,Female,70,Mysuru,Karnataka,2025-06-06,Standard,pooja.iyer20@yahoo.co.in
CUST-1229,Vikram Reddy,Male,53,Bengaluru,Karnataka,2025-07-29,Standard,vikram.reddy90@yahoo.co.in
CUST-1230,Aaliyah Malhotra,Male,40,Kolkata,West Bengal,2026-02-08,Standard,aaliyah.malhotra39@outlook.com
CUST-1231,Pooja Das,Female,52,Indore,Madhya Pradesh,2025-07-07,Gold,pooja.das31@yahoo.co.in
CUST-1232,Aaliyah Bhat,Female,73,Chennai,Tamil Nadu,2025-02-09,Standard,aaliyah.bhat20@gmail.com
CUST-1233,Ananya Banerjee,Female,36,Kolkata,West Bengal,2025-02-02,Standard,ananya.banerjee14@gmail.com
CUST-1234,Gaurav Sharma,Male,22,Hyderabad,Telangana,2024-10-02,Standard,gaurav.sharma97@outlook.com
CUST-1235,Kavita Gupta,Male,63,Pune,Maharashtra,2024-09-03,Silver,kavita.gupta22@hotmail.com
CUST-1236,Sachin Verma,Female,59,Hyderabad,Telangana,2025-09-24,Gold,sachin.verma98@outlook.com
CUST-1237,Gaurav Bhat,Female,24,Mysuru,Karnataka,2025-12-18,Platinum,gaurav.bhat93@outlook.com
CUST-1238,Amit Pawar,Female,64,Kolkata,West Bengal,2026-07-03,Silver,amit.pawar20@yahoo.co.in
CUST-1239,Bhavna Deshmukh,Female,68,Mysuru,Karnataka,2025-02-04,Standard,bhavna.deshmukh32@yahoo.co.in
CUST-1240,Varun Kumar,Male,50,Hyderabad,Telangana,2026-06-29,Standard,varun.kumar58@hotmail.com
CUST-1241,Kunal Kapoor,Male,52,Jaipur,Rajasthan,2024-11-22,Silver,kunal.kapoor87@gmail.com
CUST-1242,Rahul Banerjee,Female,70,Chandigarh,Punjab,2026-02-16,Platinum,rahul.banerjee31@outlook.com
CUST-1243,Tanvi Rao,Male,41,Surat,Gujarat,2025-09-19,Silver,tanvi.rao49@yahoo.co.in
CUST-1244,Rohan Chowdhury,Female,54,Nagpur,Maharashtra,2025-10-18,Standard,rohan.chowdhury44@gmail.com
CUST-1245,Gaurav Agarwal,Female,41,Chandigarh,Punjab,2024-12-27,Standard,gaurav.agarwal20@gmail.com
CUST-1246,Bhavna Chowdhury,Male,43,Indore,Madhya Pradesh,2024-10-01,Gold,bhavna.chowdhury13@hotmail.com
CUST-1247,Manish Das,Female,36,Ahmedabad,Gujarat,2025-12-28,Standard,manish.das13@gmail.com
CUST-1248,Gaurav Kumar,Female,57,Lucknow,Uttar Pradesh,2025-02-08,Standard,gaurav.kumar82@outlook.com
CUST-1249,Alok Verma,Female,70,Jaipur,Rajasthan,2025-10-12,Platinum,alok.verma82@hotmail.com
CUST-1250,Shreya Malhotra,Female,44,Bengaluru,Karnataka,2025-06-16,Gold,shreya.malhotra60@outlook.com
CUST-1251,Vikram Kumar,Male,37,Chandigarh,Punjab,2026-01-07,Platinum,vikram.kumar69@yahoo.co.in
CUST-1252,Tanvi Deshmukh,Male,38,Nagpur,Maharashtra,2026-03-22,Standard,tanvi.deshmukh14@yahoo.co.in
CUST-1253,Gaurav Pawar,Female,54,Chennai,Tamil Nadu,2025-12-20,Platinum,gaurav.pawar65@outlook.com
CUST-1254,Ananya Chowdhury,Male,60,Kochi,Kerala,2025-11-05,Gold,ananya.chowdhury95@hotmail.com
CUST-1255,Deepika Malhotra,Male,42,Chandigarh,Punjab,2025-03-15,Standard,deepika.malhotra24@yahoo.co.in
CUST-1256,Amit Nair,Female,68,Indore,Madhya Pradesh,2025-09-25,Platinum,amit.nair40@outlook.com
CUST-1257,Pooja Shah,Male,43,Kolkata,West Bengal,2025-03-23,Silver,pooja.shah29@hotmail.com
CUST-1258,Deepika Deshmukh,Female,73,Mysuru,Karnataka,2026-01-18,Platinum,deepika.deshmukh37@outlook.com
CUST-1259,Varun Das,Male,69,Hyderabad,Telangana,2025-08-04,Silver,varun.das26@hotmail.com
CUST-1260,Alok Mehta,Female,54,Kolkata,West Bengal,2025-11-05,Platinum,alok.mehta98@hotmail.com
CUST-1261,Aniket Rao,Female,41,Ahmedabad,Gujarat,2024-08-06,Silver,aniket.rao30@outlook.com
CUST-1262,Dev Bhat,Male,64,Mysuru,Karnataka,2025-02-15,Standard,dev.bhat54@gmail.com
CUST-1263,Pranav Kulkarni,Male,68,Pune,Maharashtra,2025-06-16,Gold,pranav.kulkarni84@outlook.com
CUST-1264,Aniket Iyer,Female,23,Chennai,Tamil Nadu,2025-12-30,Silver,aniket.iyer89@yahoo.co.in
CUST-1265,Divya Nair,Male,27,Chennai,Tamil Nadu,2026-05-27,Platinum,divya.nair29@gmail.com
CUST-1266,Riya Gupta,Male,55,Kochi,Kerala,2025-05-20,Platinum,riya.gupta65@hotmail.com
CUST-1267,Kavita Gupta,Male,65,Lucknow,Uttar Pradesh,2025-04-09,Silver,kavita.gupta76@hotmail.com
CUST-1268,Tanvi Iyer,Male,27,Jaipur,Rajasthan,2026-01-29,Standard,tanvi.iyer46@outlook.com
CUST-1269,Isha Chowdhury,Female,55,Thane,Maharashtra,2025-11-28,Silver,isha.chowdhury59@gmail.com
CUST-1270,Rahul Shah,Male,24,Kochi,Kerala,2024-12-01,Gold,rahul.shah94@outlook.com
CUST-1271,Chaitanya Iyer,Male,24,Chennai,Tamil Nadu,2024-08-06,Platinum,chaitanya.iyer94@hotmail.com
CUST-1272,Sachin Joshi,Female,64,Thane,Maharashtra,2026-06-02,Platinum,sachin.joshi24@outlook.com
CUST-1273,Sunil Kapoor,Female,26,Mumbai,Maharashtra,2025-08-03,Silver,sunil.kapoor22@yahoo.co.in
CUST-1274,Ananya Singh,Male,66,Lucknow,Uttar Pradesh,2025-02-09,Gold,ananya.singh93@hotmail.com
CUST-1275,Pooja Sharma,Female,74,Chandigarh,Punjab,2024-10-02,Standard,pooja.sharma85@gmail.com
CUST-1276,Chetan Agarwal,Female,53,Jaipur,Rajasthan,2026-02-12,Silver,chetan.agarwal96@outlook.com
CUST-1277,Utkarsh Pawar,Female,50,Lucknow,Uttar Pradesh,2024-08-03,Silver,utkarsh.pawar76@outlook.com
CUST-1278,Sachin Shinde,Female,40,Bengaluru,Karnataka,2025-06-15,Platinum,sachin.shinde10@outlook.com
CUST-1279,Rahul Bhat,Male,63,Bengaluru,Karnataka,2026-03-24,Platinum,rahul.bhat88@yahoo.co.in
CUST-1280,Karan Gupta,Male,58,Nagpur,Maharashtra,2026-04-02,Standard,karan.gupta45@outlook.com
CUST-1281,Divya Mehta,Female,49,Jaipur,Rajasthan,2025-10-10,Standard,divya.mehta31@outlook.com
CUST-1282,Divya Reddy,Female,54,Indore,Madhya Pradesh,2026-05-01,Platinum,divya.reddy11@hotmail.com
CUST-1283,Dev Banerjee,Male,58,Lucknow,Uttar Pradesh,2026-05-10,Silver,dev.banerjee24@outlook.com
CUST-1284,Dev Nair,Female,49,Kolkata,West Bengal,2024-09-26,Gold,dev.nair88@hotmail.com
CUST-1285,Pranav Patel,Female,42,Indore,Madhya Pradesh,2025-03-03,Standard,pranav.patel46@yahoo.co.in
CUST-1286,Shreya Kumar,Female,55,Jaipur,Rajasthan,2026-03-27,Gold,shreya.kumar85@hotmail.com
CUST-1287,Yash Banerjee,Male,28,Mysuru,Karnataka,2025-01-22,Silver,yash.banerjee32@yahoo.co.in
CUST-1288,Kavita Verma,Male,23,Surat,Gujarat,2025-05-14,Standard,kavita.verma65@yahoo.co.in
CUST-1289,Sneha Joshi,Female,36,Delhi,Delhi,2024-11-25,Standard,sneha.joshi73@outlook.com
CUST-1290,Gaurav Malhotra,Female,60,Kochi,Kerala,2026-04-27,Gold,gaurav.malhotra70@hotmail.com
CUST-1291,Dev Agarwal,Female,54,Lucknow,Uttar Pradesh,2026-07-16,Gold,dev.agarwal34@outlook.com
CUST-1292,Vikram Deshmukh,Female,26,Jaipur,Rajasthan,2025-01-20,Gold,vikram.deshmukh79@gmail.com
CUST-1293,Neha Pawar,Female,75,Bengaluru,Karnataka,2026-07-21,Standard,neha.pawar58@outlook.com
CUST-1294,Chaitanya Kapoor,Female,53,Chennai,Tamil Nadu,2025-11-18,Standard,chaitanya.kapoor55@gmail.com
CUST-1295,Pranav Pawar,Male,25,Mumbai,Maharashtra,2025-01-13,Gold,pranav.pawar15@hotmail.com
CUST-1296,Kunal Bhat,Female,66,Surat,Gujarat,2024-08-14,Silver,kunal.bhat88@yahoo.co.in
CUST-1297,Sanjay Verma,Male,64,Ahmedabad,Gujarat,2025-02-10,Silver,sanjay.verma34@yahoo.co.in
CUST-1298,Sachin Das,Male,43,Chandigarh,Punjab,2025-06-12,Platinum,sachin.das75@gmail.com
CUST-1299,Yash Pawar,Female,71,Chandigarh,Punjab,2024-10-15,Standard,yash.pawar98@hotmail.com
CUST-1300,Aarav Patel,Male,44,Hyderabad,Telangana,2024-09-08,Silver,aarav.patel14@yahoo.co.in
CUST-1301,Deepika Malhotra,Male,65,Hyderabad,Telangana,2025-03-08,Standard,deepika.malhotra66@outlook.com
CUST-1302,Sunil Rao,Female,63,Jaipur,Rajasthan,2026-01-05,Standard,sunil.rao25@hotmail.com
CUST-1303,Meera Iyer,Female,52,Coimbatore,Tamil Nadu,2025-09-02,Gold,meera.iyer11@yahoo.co.in
CUST-1304,Rahul Shah,Male,66,Bengaluru,Karnataka,2025-05-02,Standard,rahul.shah19@yahoo.co.in
CUST-1305,Utkarsh Banerjee,Female,65,Nagpur,Maharashtra,2026-05-23,Gold,utkarsh.banerjee63@outlook.com
CUST-1306,Sachin Das,Male,39,Lucknow,Uttar Pradesh,2026-06-29,Gold,sachin.das13@hotmail.com
CUST-1307,Aarav Mehta,Female,30,Chandigarh,Punjab,2025-10-11,Standard,aarav.mehta79@gmail.com
CUST-1308,Pranav Deshmukh,Male,28,Mysuru,Karnataka,2025-10-06,Platinum,pranav.deshmukh90@yahoo.co.in
CUST-1309,Kunal Deshmukh,Male,69,Pune,Maharashtra,2025-01-15,Silver,kunal.deshmukh39@yahoo.co.in
CUST-1310,Chetan Reddy,Female,32,Thane,Maharashtra,2025-01-30,Standard,chetan.reddy37@yahoo.co.in
CUST-1311,Deepika Kapoor,Female,54,Coimbatore,Tamil Nadu,2024-10-20,Gold,deepika.kapoor15@yahoo.co.in
CUST-1312,Deepika Bhat,Male,28,Jaipur,Rajasthan,2025-05-16,Platinum,deepika.bhat64@hotmail.com
CUST-1313,Sachin Gupta,Male,36,Delhi,Delhi,2024-12-22,Silver,sachin.gupta79@hotmail.com
CUST-1314,Chetan Mehta,Male,38,Chennai,Tamil Nadu,2026-06-24,Gold,chetan.mehta29@outlook.com
CUST-1315,Sachin Reddy,Female,65,Bengaluru,Karnataka,2025-09-20,Silver,sachin.reddy60@gmail.com
CUST-1316,Aaliyah Kumar,Female,47,Hyderabad,Telangana,2025-04-07,Platinum,aaliyah.kumar56@hotmail.com
CUST-1317,Vikram Agarwal,Female,43,Chandigarh,Punjab,2026-04-28,Standard,vikram.agarwal41@hotmail.com
CUST-1318,Kavita Sharma,Female,48,Kochi,Kerala,2025-05-12,Silver,kavita.sharma15@hotmail.com
CUST-1319,Rohan Sharma,Male,51,Jaipur,Rajasthan,2025-07-24,Standard,rohan.sharma15@outlook.com
CUST-1320,Varun Reddy,Female,60,Chandigarh,Punjab,2026-01-15,Silver,varun.reddy21@yahoo.co.in
CUST-1321,Kunal Singh,Male,72,Mysuru,Karnataka,2024-10-12,Gold,kunal.singh79@hotmail.com
CUST-1322,Pooja Singh,Male,64,Bengaluru,Karnataka,2025-09-09,Standard,pooja.singh10@hotmail.com
CUST-1323,Chetan Rao,Female,60,Surat,Gujarat,2025-02-20,Gold,chetan.rao68@gmail.com
CUST-1324,Rahul Deshmukh,Female,74,Kolkata,West Bengal,2025-05-08,Gold,rahul.deshmukh23@gmail.com
CUST-1325,Aniket Joshi,Female,47,Indore,Madhya Pradesh,2024-12-10,Platinum,aniket.joshi79@hotmail.com
CUST-1326,Utkarsh Mehta,Male,70,Surat,Gujarat,2025-09-17,Gold,utkarsh.mehta37@hotmail.com
CUST-1327,Aniket Malhotra,Male,43,Delhi,Delhi,2026-01-16,Standard,aniket.malhotra23@outlook.com
CUST-1328,Gaurav Deshmukh,Female,73,Ahmedabad,Gujarat,2025-12-02,Platinum,gaurav.deshmukh15@gmail.com
CUST-1329,Chaitanya Mehta,Female,46,Jaipur,Rajasthan,2026-01-01,Standard,chaitanya.mehta97@yahoo.co.in
CUST-1330,Kunal Reddy,Male,64,Kochi,Kerala,2025-03-21,Gold,kunal.reddy28@gmail.com
CUST-1331,Aniket Kumar,Male,73,Kochi,Kerala,2025-08-30,Silver,aniket.kumar50@hotmail.com
CUST-1332,Pooja Malhotra,Female,49,Surat,Gujarat,2025-02-23,Silver,pooja.malhotra86@hotmail.com
CUST-1333,Siddharth Malhotra,Male,38,Kochi,Kerala,2026-04-06,Silver,siddharth.malhotra50@gmail.com
CUST-1334,Manish Pawar,Female,73,Nagpur,Maharashtra,2025-03-19,Platinum,manish.pawar10@hotmail.com
CUST-1335,Tanvi Rao,Female,28,Ahmedabad,Gujarat,2026-06-03,Silver,tanvi.rao20@gmail.com
CUST-1336,Divya Verma,Male,50,Chandigarh,Punjab,2025-05-17,Gold,divya.verma56@hotmail.com
CUST-1337,Kavita Verma,Male,56,Coimbatore,Tamil Nadu,2024-11-04,Gold,kavita.verma90@yahoo.co.in
CUST-1338,Rohan Reddy,Male,35,Hyderabad,Telangana,2026-07-21,Platinum,rohan.reddy75@hotmail.com
CUST-1339,Kavita Kapoor,Male,28,Mysuru,Karnataka,2026-04-27,Platinum,kavita.kapoor49@gmail.com
CUST-1340,Utkarsh Kumar,Male,54,Surat,Gujarat,2025-05-18,Platinum,utkarsh.kumar21@gmail.com
CUST-1341,Kunal Mehta,Female,47,Lucknow,Uttar Pradesh,2024-10-11,Standard,kunal.mehta46@outlook.com
CUST-1342,Aditi Pawar,Male,66,Ahmedabad,Gujarat,2025-02-24,Platinum,aditi.pawar92@yahoo.co.in
CUST-1343,Nikhil Reddy,Female,30,Kochi,Kerala,2026-07-04,Silver,nikhil.reddy98@hotmail.com
CUST-1344,Pooja Iyer,Female,31,Kochi,Kerala,2025-11-30,Platinum,pooja.iyer33@gmail.com
CUST-1345,Pranav Patel,Female,34,Chandigarh,Punjab,2024-09-21,Standard,pranav.patel59@hotmail.com
CUST-1346,Karan Das,Female,43,Jaipur,Rajasthan,2025-01-28,Platinum,karan.das46@outlook.com
CUST-1347,Aarav Patel,Male,47,Lucknow,Uttar Pradesh,2026-07-04,Platinum,aarav.patel71@outlook.com
CUST-1348,Kavita Das,Male,37,Indore,Madhya Pradesh,2024-11-05,Silver,kavita.das51@hotmail.com
CUST-1349,Tanvi Mehta,Male,47,Lucknow,Uttar Pradesh,2025-01-23,Platinum,tanvi.mehta44@hotmail.com
CUST-1350,Dev Shah,Male,23,Chennai,Tamil Nadu,2025-09-11,Silver,dev.shah47@outlook.com
CUST-1351,Nikhil Deshmukh,Female,47,Kochi,Kerala,2024-12-10,Platinum,nikhil.deshmukh14@hotmail.com
CUST-1352,Priya Patel,Female,44,Pune,Maharashtra,2026-06-04,Platinum,priya.patel86@gmail.com
CUST-1353,Neha Agarwal,Male,47,Jaipur,Rajasthan,2025-11-19,Platinum,neha.agarwal63@hotmail.com
CUST-1354,Karan Deshmukh,Male,45,Bengaluru,Karnataka,2025-06-22,Gold,karan.deshmukh16@gmail.com
CUST-1355,Priya Agarwal,Male,42,Chennai,Tamil Nadu,2024-10-14,Platinum,priya.agarwal94@gmail.com
CUST-1356,Utkarsh Sharma,Female,43,Surat,Gujarat,2026-07-04,Platinum,utkarsh.sharma89@yahoo.co.in
CUST-1357,Pooja Das,Male,44,Pune,Maharashtra,2025-08-22,Gold,pooja.das88@outlook.com
CUST-1358,Aditi Singh,Female,31,Mumbai,Maharashtra,2025-12-02,Platinum,aditi.singh97@gmail.com
CUST-1359,Sachin Agarwal,Female,38,Delhi,Delhi,2025-03-21,Gold,sachin.agarwal34@yahoo.co.in
CUST-1360,Yash Sharma,Male,32,Nagpur,Maharashtra,2024-09-18,Gold,yash.sharma41@yahoo.co.in
CUST-1361,Siddharth Bhat,Female,43,Jaipur,Rajasthan,2025-09-10,Silver,siddharth.bhat44@outlook.com
CUST-1362,Divya Patel,Female,70,Chennai,Tamil Nadu,2024-12-06,Gold,divya.patel52@yahoo.co.in
CUST-1363,Pooja Shinde,Male,52,Kolkata,West Bengal,2025-02-24,Gold,pooja.shinde16@hotmail.com
CUST-1364,Aditi Pawar,Male,41,Nagpur,Maharashtra,2025-01-21,Gold,aditi.pawar75@hotmail.com
CUST-1365,Aarav Banerjee,Female,27,Delhi,Delhi,2024-09-12,Silver,aarav.banerjee22@gmail.com
CUST-1366,Yash Banerjee,Male,69,Jaipur,Rajasthan,2024-09-21,Silver,yash.banerjee11@hotmail.com
CUST-1367,Tanvi Singh,Male,26,Ahmedabad,Gujarat,2025-12-14,Gold,tanvi.singh97@hotmail.com
CUST-1368,Sanjay Das,Female,22,Nagpur,Maharashtra,2025-03-11,Gold,sanjay.das79@yahoo.co.in
CUST-1369,Sneha Malhotra,Male,64,Kochi,Kerala,2025-07-17,Gold,sneha.malhotra10@gmail.com
CUST-1370,Isha Shinde,Female,34,Delhi,Delhi,2024-11-11,Gold,isha.shinde22@outlook.com
CUST-1371,Nikhil Kulkarni,Female,65,Lucknow,Uttar Pradesh,2025-12-29,Platinum,nikhil.kulkarni85@yahoo.co.in
CUST-1372,Utkarsh Gupta,Female,35,Mumbai,Maharashtra,2024-11-20,Gold,utkarsh.gupta59@gmail.com
CUST-1373,Alok Joshi,Male,27,Kolkata,West Bengal,2026-04-05,Platinum,alok.joshi99@yahoo.co.in
CUST-1374,Meera Chowdhury,Male,35,Pune,Maharashtra,2024-12-21,Platinum,meera.chowdhury10@outlook.com
CUST-1375,Divya Kulkarni,Female,49,Kochi,Kerala,2026-06-04,Gold,divya.kulkarni32@hotmail.com
CUST-1376,Deepika Sharma,Female,24,Coimbatore,Tamil Nadu,2026-05-31,Silver,deepika.sharma60@outlook.com
CUST-1377,Riya Gupta,Female,54,Mumbai,Maharashtra,2026-05-04,Gold,riya.gupta87@outlook.com
CUST-1378,Pranav Deshmukh,Female,26,Kochi,Kerala,2026-01-07,Platinum,pranav.deshmukh23@yahoo.co.in
CUST-1379,Sanjay Agarwal,Female,49,Chennai,Tamil Nadu,2026-05-11,Gold,sanjay.agarwal90@hotmail.com
CUST-1380,Neha Shah,Male,28,Pune,Maharashtra,2025-02-04,Silver,neha.shah93@gmail.com
CUST-1381,Chaitanya Nair,Female,47,Chandigarh,Punjab,2026-03-18,Standard,chaitanya.nair10@yahoo.co.in
CUST-1382,Aniket Kulkarni,Female,29,Nagpur,Maharashtra,2026-03-28,Platinum,aniket.kulkarni56@outlook.com
CUST-1383,Sunil Deshmukh,Male,51,Coimbatore,Tamil Nadu,2025-07-12,Standard,sunil.deshmukh29@gmail.com
CUST-1384,Rahul Joshi,Female,67,Nagpur,Maharashtra,2026-02-04,Platinum,rahul.joshi61@gmail.com
CUST-1385,Kunal Chowdhury,Female,66,Mumbai,Maharashtra,2025-10-04,Gold,kunal.chowdhury56@yahoo.co.in
CUST-1386,Sanjay Shinde,Male,61,Chandigarh,Punjab,2025-08-24,Silver,sanjay.shinde46@gmail.com
CUST-1387,Neha Sharma,Female,28,Chandigarh,Punjab,2026-07-11,Platinum,neha.sharma97@yahoo.co.in
CUST-1388,Meera Sharma,Male,70,Mysuru,Karnataka,2025-03-12,Platinum,meera.sharma26@gmail.com
CUST-1389,Pranav Singh,Male,73,Nagpur,Maharashtra,2026-04-18,Gold,pranav.singh73@yahoo.co.in
CUST-1390,Aaliyah Kapoor,Male,54,Coimbatore,Tamil Nadu,2025-12-09,Standard,aaliyah.kapoor89@outlook.com
CUST-1391,Neha Agarwal,Male,62,Bengaluru,Karnataka,2026-05-11,Standard,neha.agarwal29@outlook.com
CUST-1392,Rahul Pawar,Male,25,Surat,Gujarat,2026-03-11,Silver,rahul.pawar37@outlook.com
CUST-1393,Pranav Deshmukh,Female,57,Kochi,Kerala,2025-10-05,Standard,pranav.deshmukh95@yahoo.co.in
CUST-1394,Priya Malhotra,Male,41,Bengaluru,Karnataka,2025-07-10,Silver,priya.malhotra10@hotmail.com
CUST-1395,Riya Kulkarni,Female,60,Kolkata,West Bengal,2026-06-03,Gold,riya.kulkarni28@yahoo.co.in
CUST-1396,Nikhil Nair,Male,22,Mysuru,Karnataka,2026-04-20,Gold,nikhil.nair44@hotmail.com
CUST-1397,Kavita Mehta,Male,50,Thane,Maharashtra,2026-01-31,Silver,kavita.mehta15@outlook.com
CUST-1398,Riya Gupta,Male,68,Bengaluru,Karnataka,2024-10-07,Platinum,riya.gupta36@gmail.com
CUST-1399,Alok Gupta,Female,33,Pune,Maharashtra,2025-08-25,Platinum,alok.gupta35@hotmail.com
CUST-1400,Manish Das,Male,66,Thane,Maharashtra,2025-02-01,Standard,manish.das41@hotmail.com
CUST-1401,Alok Gupta,Male,68,Coimbatore,Tamil Nadu,2024-10-08,Standard,alok.gupta84@gmail.com
CUST-1402,Rahul Rao,Male,32,Ahmedabad,Gujarat,2024-10-01,Silver,rahul.rao85@outlook.com
CUST-1403,Yash Mehta,Female,67,Kochi,Kerala,2025-08-31,Standard,yash.mehta28@yahoo.co.in
CUST-1404,Aarav Shah,Female,43,Mysuru,Karnataka,2024-11-11,Silver,aarav.shah78@gmail.com
CUST-1405,Aditi Banerjee,Female,55,Indore,Madhya Pradesh,2026-06-19,Gold,aditi.banerjee55@outlook.com
CUST-1406,Pranav Chowdhury,Male,29,Indore,Madhya Pradesh,2025-11-21,Gold,pranav.chowdhury50@hotmail.com
CUST-1407,Manish Kulkarni,Male,65,Lucknow,Uttar Pradesh,2026-02-23,Gold,manish.kulkarni59@gmail.com
CUST-1408,Kavita Rao,Male,62,Mysuru,Karnataka,2025-08-20,Standard,kavita.rao23@yahoo.co.in
CUST-1409,Aditi Das,Male,53,Bengaluru,Karnataka,2026-04-08,Standard,aditi.das20@yahoo.co.in
CUST-1410,Isha Sharma,Male,63,Chennai,Tamil Nadu,2026-07-04,Gold,isha.sharma33@yahoo.co.in
CUST-1411,Priya Verma,Male,23,Kolkata,West Bengal,2026-02-28,Standard,priya.verma84@outlook.com
CUST-1412,Arjun Iyer,Female,23,Bengaluru,Karnataka,2024-09-07,Silver,arjun.iyer92@outlook.com
CUST-1413,Ananya Pawar,Male,39,Chandigarh,Punjab,2026-01-30,Platinum,ananya.pawar68@yahoo.co.in
CUST-1414,Dev Singh,Male,64,Coimbatore,Tamil Nadu,2024-09-29,Silver,dev.singh94@hotmail.com
CUST-1415,Aarav Kulkarni,Female,71,Ahmedabad,Gujarat,2026-03-18,Silver,aarav.kulkarni99@gmail.com
CUST-1416,Riya Kapoor,Female,55,Mumbai,Maharashtra,2025-11-13,Gold,riya.kapoor45@outlook.com
CUST-1417,Varun Kapoor,Male,36,Indore,Madhya Pradesh,2026-01-11,Silver,varun.kapoor53@yahoo.co.in
CUST-1418,Aniket Kapoor,Female,69,Kolkata,West Bengal,2024-09-17,Platinum,aniket.kapoor75@outlook.com
CUST-1419,Kunal Verma,Male,56,Jaipur,Rajasthan,2025-09-07,Silver,kunal.verma98@hotmail.com
CUST-1420,Aniket Bhat,Male,27,Chennai,Tamil Nadu,2024-07-26,Platinum,aniket.bhat52@hotmail.com
CUST-1421,Shreya Iyer,Male,65,Bengaluru,Karnataka,2025-11-17,Silver,shreya.iyer11@yahoo.co.in
CUST-1422,Pranav Pawar,Female,24,Indore,Madhya Pradesh,2025-12-21,Silver,pranav.pawar21@hotmail.com
CUST-1423,Aarav Sharma,Male,35,Mumbai,Maharashtra,2026-03-10,Gold,aarav.sharma52@yahoo.co.in
CUST-1424,Siddharth Sharma,Female,48,Indore,Madhya Pradesh,2025-05-28,Silver,siddharth.sharma21@outlook.com
CUST-1425,Shreya Kumar,Male,69,Chennai,Tamil Nadu,2025-04-14,Gold,shreya.kumar11@hotmail.com
CUST-1426,Riya Joshi,Female,66,Coimbatore,Tamil Nadu,2025-02-03,Standard,riya.joshi92@hotmail.com
CUST-1427,Priya Mehta,Female,33,Lucknow,Uttar Pradesh,2025-06-23,Gold,priya.mehta91@gmail.com
CUST-1428,Shreya Patel,Male,60,Coimbatore,Tamil Nadu,2025-05-07,Silver,shreya.patel33@outlook.com
CUST-1429,Yash Rao,Female,30,Ahmedabad,Gujarat,2025-09-26,Platinum,yash.rao83@yahoo.co.in
CUST-1430,Dev Pawar,Female,70,Indore,Madhya Pradesh,2026-04-28,Silver,dev.pawar34@hotmail.com
CUST-1431,Aditi Shah,Male,73,Mumbai,Maharashtra,2026-06-30,Platinum,aditi.shah97@outlook.com
CUST-1432,Isha Sharma,Male,24,Coimbatore,Tamil Nadu,2024-11-23,Gold,isha.sharma55@yahoo.co.in
CUST-1433,Nikhil Mehta,Female,68,Chennai,Tamil Nadu,2025-12-24,Platinum,nikhil.mehta61@hotmail.com
CUST-1434,Siddharth Banerjee,Male,34,Nagpur,Maharashtra,2025-01-12,Platinum,siddharth.banerjee52@hotmail.com
CUST-1435,Aniket Nair,Male,56,Mysuru,Karnataka,2025-10-31,Platinum,aniket.nair31@gmail.com
CUST-1436,Meera Shah,Male,74,Chennai,Tamil Nadu,2026-01-01,Silver,meera.shah59@gmail.com
CUST-1437,Neha Malhotra,Male,27,Coimbatore,Tamil Nadu,2025-11-12,Platinum,neha.malhotra14@outlook.com
CUST-1438,Chetan Shinde,Male,55,Bengaluru,Karnataka,2026-02-10,Platinum,chetan.shinde51@gmail.com
CUST-1439,Deepika Rao,Female,53,Coimbatore,Tamil Nadu,2025-09-12,Gold,deepika.rao86@outlook.com
CUST-1440,Aaliyah Chowdhury,Female,39,Mumbai,Maharashtra,2025-03-19,Silver,aaliyah.chowdhury29@gmail.com
CUST-1441,Neha Mehta,Female,67,Mumbai,Maharashtra,2024-12-25,Standard,neha.mehta24@yahoo.co.in
CUST-1442,Pooja Verma,Male,34,Bengaluru,Karnataka,2024-07-30,Gold,pooja.verma17@gmail.com
CUST-1443,Sachin Chowdhury,Male,42,Pune,Maharashtra,2025-02-27,Standard,sachin.chowdhury71@hotmail.com
CUST-1444,Riya Pawar,Male,49,Jaipur,Rajasthan,2024-11-24,Platinum,riya.pawar35@yahoo.co.in
CUST-1445,Manish Iyer,Male,59,Nagpur,Maharashtra,2025-08-03,Standard,manish.iyer68@outlook.com
CUST-1446,Karan Nair,Male,45,Surat,Gujarat,2025-06-14,Silver,karan.nair97@yahoo.co.in
CUST-1447,Sneha Gupta,Male,59,Thane,Maharashtra,2026-03-16,Platinum,sneha.gupta24@hotmail.com
CUST-1448,Shreya Kapoor,Female,47,Thane,Maharashtra,2024-09-16,Standard,shreya.kapoor66@hotmail.com
CUST-1449,Ananya Bhat,Male,61,Mumbai,Maharashtra,2026-05-26,Standard,ananya.bhat63@hotmail.com
CUST-1450,Aarav Deshmukh,Male,74,Surat,Gujarat,2026-07-05,Platinum,aarav.deshmukh33@yahoo.co.in
CUST-1451,Arjun Mehta,Female,39,Surat,Gujarat,2026-05-19,Silver,arjun.mehta19@gmail.com
CUST-1452,Vikram Banerjee,Female,48,Ahmedabad,Gujarat,2024-11-11,Platinum,vikram.banerjee20@gmail.com
CUST-1453,Yash Reddy,Male,25,Thane,Maharashtra,2026-02-13,Platinum,yash.reddy28@hotmail.com
CUST-1454,Manish Banerjee,Male,65,Indore,Madhya Pradesh,2024-08-19,Platinum,manish.banerjee80@hotmail.com
CUST-1455,Rohan Rao,Male,37,Kochi,Kerala,2025-06-25,Silver,rohan.rao32@hotmail.com
CUST-1456,Utkarsh Patel,Female,27,Chennai,Tamil Nadu,2025-10-19,Platinum,utkarsh.patel10@hotmail.com
CUST-1457,Siddharth Malhotra,Female,46,Mumbai,Maharashtra,2025-07-07,Silver,siddharth.malhotra12@yahoo.co.in
CUST-1458,Amit Gupta,Male,73,Mumbai,Maharashtra,2025-12-03,Standard,amit.gupta26@yahoo.co.in
CUST-1459,Aditi Nair,Male,46,Bengaluru,Karnataka,2026-02-24,Standard,aditi.nair73@gmail.com
CUST-1460,Meera Pawar,Female,63,Ahmedabad,Gujarat,2025-11-23,Platinum,meera.pawar44@gmail.com
CUST-1461,Aarav Shah,Male,35,Lucknow,Uttar Pradesh,2026-06-22,Silver,aarav.shah71@hotmail.com
CUST-1462,Tanvi Verma,Female,52,Coimbatore,Tamil Nadu,2026-03-20,Standard,tanvi.verma62@hotmail.com
CUST-1463,Rohan Malhotra,Female,27,Chandigarh,Punjab,2025-08-20,Standard,rohan.malhotra72@yahoo.co.in
CUST-1464,Rahul Sharma,Female,31,Lucknow,Uttar Pradesh,2026-01-11,Platinum,rahul.sharma71@yahoo.co.in
CUST-1465,Karan Patel,Female,64,Pune,Maharashtra,2025-01-10,Silver,karan.patel78@hotmail.com
CUST-1466,Isha Mehta,Male,35,Lucknow,Uttar Pradesh,2025-03-30,Standard,isha.mehta92@gmail.com
CUST-1467,Yash Chowdhury,Female,42,Lucknow,Uttar Pradesh,2024-11-12,Silver,yash.chowdhury42@hotmail.com
CUST-1468,Arjun Sharma,Female,35,Jaipur,Rajasthan,2025-01-26,Gold,arjun.sharma63@gmail.com
CUST-1469,Divya Bhat,Male,74,Mysuru,Karnataka,2026-01-05,Gold,divya.bhat67@gmail.com
CUST-1470,Sunil Gupta,Female,24,Coimbatore,Tamil Nadu,2025-09-17,Platinum,sunil.gupta12@gmail.com
CUST-1471,Sneha Joshi,Female,37,Chandigarh,Punjab,2026-07-05,Standard,sneha.joshi49@outlook.com
CUST-1472,Aniket Bhat,Male,49,Bengaluru,Karnataka,2025-12-09,Gold,aniket.bhat59@gmail.com
CUST-1473,Riya Sharma,Male,54,Kolkata,West Bengal,2025-08-02,Silver,riya.sharma26@gmail.com
CUST-1474,Nikhil Banerjee,Male,45,Indore,Madhya Pradesh,2025-02-06,Silver,nikhil.banerjee52@gmail.com
CUST-1475,Alok Gupta,Female,33,Indore,Madhya Pradesh,2025-07-06,Platinum,alok.gupta94@yahoo.co.in
CUST-1476,Isha Banerjee,Male,33,Indore,Madhya Pradesh,2026-03-24,Silver,isha.banerjee59@hotmail.com
CUST-1477,Utkarsh Verma,Male,58,Pune,Maharashtra,2026-06-27,Platinum,utkarsh.verma18@yahoo.co.in
CUST-1478,Neha Rao,Male,34,Kolkata,West Bengal,2026-02-26,Gold,neha.rao23@gmail.com
CUST-1479,Siddharth Shinde,Female,66,Bengaluru,Karnataka,2024-10-06,Platinum,siddharth.shinde22@gmail.com
CUST-1480,Aaliyah Bhat,Male,60,Hyderabad,Telangana,2026-06-19,Silver,aaliyah.bhat95@outlook.com
CUST-1481,Tanvi Patel,Female,75,Chandigarh,Punjab,2026-02-11,Gold,tanvi.patel12@outlook.com
CUST-1482,Ananya Joshi,Female,36,Mysuru,Karnataka,2025-02-06,Silver,ananya.joshi38@outlook.com
CUST-1483,Chaitanya Shah,Male,75,Ahmedabad,Gujarat,2025-04-11,Gold,chaitanya.shah60@yahoo.co.in
CUST-1484,Dev Mehta,Male,66,Hyderabad,Telangana,2026-04-23,Standard,dev.mehta22@outlook.com
CUST-1485,Pranav Reddy,Male,42,Kolkata,West Bengal,2024-08-19,Gold,pranav.reddy16@outlook.com
CUST-1486,Sneha Joshi,Male,46,Jaipur,Rajasthan,2025-04-10,Silver,sneha.joshi82@gmail.com
CUST-1487,Kunal Banerjee,Male,72,Mysuru,Karnataka,2026-04-07,Platinum,kunal.banerjee95@outlook.com
CUST-1488,Pranav Joshi,Male,61,Chandigarh,Punjab,2026-03-18,Standard,pranav.joshi61@hotmail.com
CUST-1489,Yash Bhat,Male,65,Delhi,Delhi,2025-06-09,Standard,yash.bhat22@yahoo.co.in
CUST-1490,Gaurav Sharma,Female,38,Thane,Maharashtra,2024-12-30,Standard,gaurav.sharma71@outlook.com
CUST-1491,Aditi Reddy,Female,56,Hyderabad,Telangana,2026-07-20,Silver,aditi.reddy37@outlook.com
CUST-1492,Dev Banerjee,Female,69,Kochi,Kerala,2025-12-19,Gold,dev.banerjee75@hotmail.com
CUST-1493,Siddharth Sharma,Female,24,Nagpur,Maharashtra,2025-07-01,Gold,siddharth.sharma18@gmail.com
CUST-1494,Manish Singh,Male,30,Indore,Madhya Pradesh,2025-08-11,Gold,manish.singh22@gmail.com
CUST-1495,Rahul Joshi,Female,34,Indore,Madhya Pradesh,2024-07-31,Gold,rahul.joshi68@outlook.com
CUST-1496,Pranav Sharma,Female,55,Kochi,Kerala,2025-06-12,Silver,pranav.sharma65@hotmail.com
CUST-1497,Sanjay Agarwal,Female,23,Mysuru,Karnataka,2025-01-08,Gold,sanjay.agarwal84@outlook.com
CUST-1498,Nikhil Shah,Female,62,Ahmedabad,Gujarat,2024-10-08,Standard,nikhil.shah45@hotmail.com
CUST-1499,Divya Agarwal,Male,23,Nagpur,Maharashtra,2026-01-21,Standard,divya.agarwal26@outlook.com
CUST-1500,Isha Bhat,Female,75,Coimbatore,Tamil Nadu,2025-07-11,Standard,isha.bhat96@hotmail.com
CUST-1501,Aniket Iyer,Female,28,Chandigarh,Punjab,2026-04-24,Platinum,aniket.iyer28@yahoo.co.in
CUST-1502,Varun Gupta,Male,73,Hyderabad,Telangana,2025-09-17,Silver,varun.gupta68@hotmail.com
CUST-1503,Rohan Kapoor,Female,23,Delhi,Delhi,2026-03-31,Silver,rohan.kapoor71@yahoo.co.in
CUST-1504,Ananya Kulkarni,Male,57,Chennai,Tamil Nadu,2025-05-25,Platinum,ananya.kulkarni28@yahoo.co.in
CUST-1505,Arjun Pawar,Female,56,Delhi,Delhi,2026-01-23,Gold,arjun.pawar80@outlook.com
CUST-1506,Priya Kulkarni,Female,46,Chennai,Tamil Nadu,2024-08-11,Platinum,priya.kulkarni99@hotmail.com
CUST-1507,Aaliyah Sharma,Female,52,Chennai,Tamil Nadu,2026-01-03,Gold,aaliyah.sharma56@outlook.com
CUST-1508,Sneha Chowdhury,Male,36,Bengaluru,Karnataka,2025-07-30,Gold,sneha.chowdhury58@yahoo.co.in
CUST-1509,Siddharth Verma,Male,35,Nagpur,Maharashtra,2026-02-18,Silver,siddharth.verma67@outlook.com
CUST-1510,Vikram Deshmukh,Female,74,Kolkata,West Bengal,2025-02-18,Silver,vikram.deshmukh37@hotmail.com
CUST-1511,Aditi Agarwal,Female,51,Jaipur,Rajasthan,2025-01-23,Silver,aditi.agarwal64@outlook.com
CUST-1512,Manish Rao,Male,34,Jaipur,Rajasthan,2026-06-30,Silver,manish.rao49@gmail.com
CUST-1513,Ananya Reddy,Male,47,Hyderabad,Telangana,2025-06-04,Platinum,ananya.reddy38@outlook.com
CUST-1514,Pooja Kumar,Male,56,Chandigarh,Punjab,2026-05-29,Silver,pooja.kumar48@outlook.com
CUST-1515,Yash Bhat,Male,73,Chandigarh,Punjab,2024-07-24,Standard,yash.bhat98@hotmail.com
CUST-1516,Siddharth Rao,Male,46,Ahmedabad,Gujarat,2025-05-01,Standard,siddharth.rao95@gmail.com
CUST-1517,Sneha Sharma,Female,69,Surat,Gujarat,2025-10-17,Silver,sneha.sharma25@hotmail.com
CUST-1518,Deepika Banerjee,Male,42,Nagpur,Maharashtra,2025-09-09,Gold,deepika.banerjee96@yahoo.co.in
CUST-1519,Meera Nair,Female,30,Delhi,Delhi,2025-05-14,Platinum,meera.nair25@hotmail.com
CUST-1520,Divya Deshmukh,Female,58,Hyderabad,Telangana,2025-12-30,Platinum,divya.deshmukh41@gmail.com
CUST-1521,Priya Iyer,Male,42,Kochi,Kerala,2026-03-16,Silver,priya.iyer81@hotmail.com
CUST-1522,Arjun Iyer,Female,22,Jaipur,Rajasthan,2024-12-31,Standard,arjun.iyer42@yahoo.co.in
CUST-1523,Sunil Pawar,Male,46,Chennai,Tamil Nadu,2025-12-10,Silver,sunil.pawar61@hotmail.com
CUST-1524,Vikram Kulkarni,Male,61,Delhi,Delhi,2026-04-10,Platinum,vikram.kulkarni46@hotmail.com
CUST-1525,Priya Verma,Male,65,Indore,Madhya Pradesh,2026-01-11,Standard,priya.verma20@outlook.com
CUST-1526,Karan Pawar,Male,34,Kochi,Kerala,2026-05-25,Silver,karan.pawar53@outlook.com
CUST-1527,Deepika Nair,Male,37,Indore,Madhya Pradesh,2025-08-05,Platinum,deepika.nair67@outlook.com
CUST-1528,Siddharth Joshi,Female,61,Bengaluru,Karnataka,2025-05-12,Gold,siddharth.joshi46@yahoo.co.in
CUST-1529,Isha Chowdhury,Female,64,Ahmedabad,Gujarat,2025-10-07,Gold,isha.chowdhury86@hotmail.com
CUST-1530,Amit Chowdhury,Female,73,Indore,Madhya Pradesh,2024-10-18,Silver,amit.chowdhury87@hotmail.com
CUST-1531,Dev Patel,Male,60,Thane,Maharashtra,2025-12-24,Platinum,dev.patel87@yahoo.co.in
CUST-1532,Chaitanya Iyer,Male,38,Coimbatore,Tamil Nadu,2025-09-15,Platinum,chaitanya.iyer54@outlook.com
CUST-1533,Alok Chowdhury,Female,71,Indore,Madhya Pradesh,2025-07-09,Gold,alok.chowdhury47@outlook.com
CUST-1534,Siddharth Kulkarni,Female,43,Jaipur,Rajasthan,2024-10-12,Standard,siddharth.kulkarni95@yahoo.co.in
CUST-1535,Alok Mehta,Female,63,Jaipur,Rajasthan,2024-07-26,Gold,alok.mehta84@hotmail.com
CUST-1536,Deepika Sharma,Male,31,Lucknow,Uttar Pradesh,2025-02-17,Gold,deepika.sharma47@gmail.com
CUST-1537,Dev Kapoor,Male,26,Chennai,Tamil Nadu,2024-11-11,Standard,dev.kapoor84@gmail.com
CUST-1538,Rahul Malhotra,Female,31,Mysuru,Karnataka,2025-08-29,Silver,rahul.malhotra31@hotmail.com
CUST-1539,Isha Iyer,Male,47,Ahmedabad,Gujarat,2025-02-02,Standard,isha.iyer40@outlook.com
CUST-1540,Tanvi Pawar,Female,56,Nagpur,Maharashtra,2026-01-23,Standard,tanvi.pawar88@yahoo.co.in
CUST-1541,Kunal Singh,Male,54,Ahmedabad,Gujarat,2026-06-18,Gold,kunal.singh21@outlook.com
CUST-1542,Riya Pawar,Female,67,Ahmedabad,Gujarat,2025-03-20,Platinum,riya.pawar48@outlook.com
CUST-1543,Sunil Bhat,Female,75,Lucknow,Uttar Pradesh,2026-02-24,Platinum,sunil.bhat22@outlook.com
CUST-1544,Aaliyah Kapoor,Male,53,Delhi,Delhi,2025-02-13,Standard,aaliyah.kapoor96@yahoo.co.in
CUST-1545,Rohan Rao,Female,70,Ahmedabad,Gujarat,2025-05-13,Platinum,rohan.rao74@gmail.com
CUST-1546,Yash Iyer,Female,66,Ahmedabad,Gujarat,2025-06-22,Platinum,yash.iyer62@gmail.com
CUST-1547,Amit Agarwal,Male,56,Indore,Madhya Pradesh,2024-10-22,Platinum,amit.agarwal25@hotmail.com
CUST-1548,Yash Iyer,Male,52,Kochi,Kerala,2026-04-14,Gold,yash.iyer48@yahoo.co.in
CUST-1549,Aditi Malhotra,Male,44,Mumbai,Maharashtra,2025-11-25,Silver,aditi.malhotra94@gmail.com
CUST-1550,Yash Kumar,Male,42,Ahmedabad,Gujarat,2025-08-19,Platinum,yash.kumar75@hotmail.com
CUST-1551,Nikhil Chowdhury,Female,40,Kochi,Kerala,2025-03-13,Gold,nikhil.chowdhury23@hotmail.com
CUST-1552,Chetan Banerjee,Female,26,Indore,Madhya Pradesh,2024-09-14,Platinum,chetan.banerjee92@gmail.com
CUST-1553,Rahul Pawar,Male,49,Thane,Maharashtra,2025-06-16,Standard,rahul.pawar81@yahoo.co.in
CUST-1554,Shreya Bhat,Male,54,Chandigarh,Punjab,2025-02-04,Standard,shreya.bhat77@yahoo.co.in
CUST-1555,Aarav Chowdhury,Female,74,Kochi,Kerala,2026-01-26,Gold,aarav.chowdhury73@outlook.com
CUST-1556,Divya Banerjee,Female,42,Chennai,Tamil Nadu,2025-03-12,Gold,divya.banerjee46@yahoo.co.in
CUST-1557,Sachin Banerjee,Male,26,Jaipur,Rajasthan,2024-09-15,Gold,sachin.banerjee94@yahoo.co.in
CUST-1558,Alok Singh,Male,55,Pune,Maharashtra,2026-03-29,Gold,alok.singh57@hotmail.com
CUST-1559,Isha Chowdhury,Male,74,Hyderabad,Telangana,2025-05-16,Silver,isha.chowdhury65@outlook.com
CUST-1560,Yash Pawar,Female,67,Kolkata,West Bengal,2025-04-08,Platinum,yash.pawar50@outlook.com
CUST-1561,Priya Reddy,Female,74,Chandigarh,Punjab,2025-08-29,Gold,priya.reddy89@yahoo.co.in
CUST-1562,Bhavna Patel,Female,54,Chandigarh,Punjab,2026-02-16,Platinum,bhavna.patel80@outlook.com
CUST-1563,Utkarsh Sharma,Male,45,Chennai,Tamil Nadu,2025-02-02,Silver,utkarsh.sharma55@hotmail.com
CUST-1564,Aaliyah Joshi,Female,28,Hyderabad,Telangana,2025-02-17,Gold,aaliyah.joshi83@hotmail.com
CUST-1565,Divya Sharma,Male,25,Indore,Madhya Pradesh,2026-05-04,Gold,divya.sharma58@yahoo.co.in
CUST-1566,Aditi Mehta,Male,43,Jaipur,Rajasthan,2025-06-14,Platinum,aditi.mehta27@hotmail.com
CUST-1567,Alok Rao,Female,31,Mumbai,Maharashtra,2024-11-17,Platinum,alok.rao68@yahoo.co.in
CUST-1568,Aniket Banerjee,Female,50,Mysuru,Karnataka,2025-05-06,Standard,aniket.banerjee16@yahoo.co.in
CUST-1569,Divya Iyer,Male,65,Chandigarh,Punjab,2024-08-29,Standard,divya.iyer38@yahoo.co.in
CUST-1570,Manish Kapoor,Male,26,Chennai,Tamil Nadu,2025-08-08,Gold,manish.kapoor27@hotmail.com
CUST-1571,Chaitanya Verma,Female,64,Ahmedabad,Gujarat,2025-11-10,Platinum,chaitanya.verma11@hotmail.com
CUST-1572,Sneha Iyer,Female,47,Kolkata,West Bengal,2024-08-28,Gold,sneha.iyer22@yahoo.co.in
CUST-1573,Karan Shah,Female,63,Bengaluru,Karnataka,2024-11-08,Standard,karan.shah63@outlook.com
CUST-1574,Sachin Deshmukh,Male,55,Hyderabad,Telangana,2026-06-17,Platinum,sachin.deshmukh81@yahoo.co.in
CUST-1575,Rahul Nair,Female,57,Bengaluru,Karnataka,2025-05-27,Silver,rahul.nair26@gmail.com
CUST-1576,Rohan Joshi,Female,73,Mysuru,Karnataka,2026-06-18,Platinum,rohan.joshi88@outlook.com
CUST-1577,Manish Iyer,Male,75,Pune,Maharashtra,2024-11-23,Standard,manish.iyer49@yahoo.co.in
CUST-1578,Rahul Kapoor,Male,51,Ahmedabad,Gujarat,2026-04-03,Silver,rahul.kapoor46@gmail.com
CUST-1579,Kavita Singh,Female,61,Ahmedabad,Gujarat,2025-11-15,Platinum,kavita.singh67@outlook.com
CUST-1580,Sanjay Sharma,Female,50,Chennai,Tamil Nadu,2025-10-28,Standard,sanjay.sharma62@hotmail.com
CUST-1581,Pranav Kumar,Female,35,Jaipur,Rajasthan,2026-05-02,Silver,pranav.kumar49@yahoo.co.in
CUST-1582,Aditi Rao,Male,61,Hyderabad,Telangana,2025-12-13,Platinum,aditi.rao10@hotmail.com
CUST-1583,Gaurav Gupta,Female,31,Kochi,Kerala,2024-12-05,Gold,gaurav.gupta64@yahoo.co.in
CUST-1584,Aarav Agarwal,Female,45,Lucknow,Uttar Pradesh,2025-01-22,Platinum,aarav.agarwal85@hotmail.com
CUST-1585,Aaliyah Kulkarni,Male,23,Ahmedabad,Gujarat,2026-03-17,Gold,aaliyah.kulkarni79@hotmail.com
CUST-1586,Utkarsh Das,Male,25,Lucknow,Uttar Pradesh,2026-07-14,Gold,utkarsh.das22@gmail.com
CUST-1587,Riya Patel,Female,57,Ahmedabad,Gujarat,2025-12-19,Gold,riya.patel90@hotmail.com
CUST-1588,Divya Bhat,Female,34,Pune,Maharashtra,2025-12-15,Gold,divya.bhat37@gmail.com
CUST-1589,Isha Joshi,Male,50,Mumbai,Maharashtra,2024-09-05,Gold,isha.joshi75@yahoo.co.in
CUST-1590,Gaurav Verma,Female,42,Chennai,Tamil Nadu,2024-10-17,Platinum,gaurav.verma38@outlook.com
CUST-1591,Manish Kapoor,Male,23,Surat,Gujarat,2025-07-26,Standard,manish.kapoor21@hotmail.com
CUST-1592,Arjun Iyer,Male,42,Pune,Maharashtra,2025-09-01,Standard,arjun.iyer55@gmail.com
CUST-1593,Rohan Das,Female,27,Mysuru,Karnataka,2024-08-08,Standard,rohan.das16@outlook.com
CUST-1594,Pooja Mehta,Female,49,Delhi,Delhi,2026-07-22,Gold,pooja.mehta70@yahoo.co.in
CUST-1595,Sanjay Kumar,Male,42,Kolkata,West Bengal,2026-01-14,Silver,sanjay.kumar80@gmail.com
CUST-1596,Pooja Reddy,Female,54,Ahmedabad,Gujarat,2025-03-08,Silver,pooja.reddy57@gmail.com
CUST-1597,Aniket Shah,Male,69,Pune,Maharashtra,2025-10-20,Silver,aniket.shah98@outlook.com
CUST-1598,Gaurav Mehta,Male,22,Thane,Maharashtra,2025-12-21,Standard,gaurav.mehta11@gmail.com
CUST-1599,Karan Singh,Female,62,Surat,Gujarat,2025-01-13,Platinum,karan.singh36@gmail.com
CUST-1600,Tanvi Chowdhury,Male,28,Coimbatore,Tamil Nadu,2025-03-27,Silver,tanvi.chowdhury82@outlook.com
CUST-1601,Isha Kapoor,Female,32,Surat,Gujarat,2024-12-08,Platinum,isha.kapoor37@outlook.com
CUST-1602,Sanjay Malhotra,Female,66,Hyderabad,Telangana,2025-08-23,Silver,sanjay.malhotra55@gmail.com
CUST-1603,Shreya Deshmukh,Female,37,Mysuru,Karnataka,2025-07-20,Standard,shreya.deshmukh73@hotmail.com
CUST-1604,Utkarsh Pawar,Female,56,Kolkata,West Bengal,2025-05-01,Gold,utkarsh.pawar89@yahoo.co.in
CUST-1605,Sunil Pawar,Male,43,Coimbatore,Tamil Nadu,2024-09-22,Standard,sunil.pawar28@yahoo.co.in
CUST-1606,Bhavna Iyer,Female,68,Chennai,Tamil Nadu,2025-03-25,Gold,bhavna.iyer58@outlook.com
CUST-1607,Rahul Agarwal,Male,28,Chennai,Tamil Nadu,2025-03-19,Silver,rahul.agarwal19@hotmail.com
CUST-1608,Aditi Pawar,Male,40,Jaipur,Rajasthan,2024-09-29,Standard,aditi.pawar90@yahoo.co.in
CUST-1609,Shreya Das,Female,66,Thane,Maharashtra,2025-02-11,Silver,shreya.das84@hotmail.com
CUST-1610,Vikram Banerjee,Male,46,Bengaluru,Karnataka,2025-11-11,Platinum,vikram.banerjee46@gmail.com
CUST-1611,Tanvi Das,Male,73,Thane,Maharashtra,2025-03-06,Platinum,tanvi.das22@hotmail.com
CUST-1612,Shreya Das,Male,43,Pune,Maharashtra,2025-10-31,Gold,shreya.das42@outlook.com
CUST-1613,Arjun Kumar,Female,74,Pune,Maharashtra,2024-09-19,Gold,arjun.kumar61@hotmail.com
CUST-1614,Karan Joshi,Female,39,Jaipur,Rajasthan,2025-11-21,Gold,karan.joshi52@hotmail.com
CUST-1615,Tanvi Banerjee,Male,30,Hyderabad,Telangana,2024-09-02,Gold,tanvi.banerjee46@hotmail.com
CUST-1616,Sunil Sharma,Female,67,Kochi,Kerala,2026-01-23,Standard,sunil.sharma29@gmail.com
CUST-1617,Aaliyah Verma,Female,57,Ahmedabad,Gujarat,2024-08-24,Standard,aaliyah.verma65@hotmail.com
CUST-1618,Aaliyah Chowdhury,Female,40,Jaipur,Rajasthan,2024-12-21,Silver,aaliyah.chowdhury58@gmail.com
CUST-1619,Aarav Shah,Male,73,Indore,Madhya Pradesh,2025-08-08,Silver,aarav.shah90@yahoo.co.in
CUST-1620,Aarav Kumar,Female,41,Mysuru,Karnataka,2024-12-09,Gold,aarav.kumar20@gmail.com
CUST-1621,Sneha Malhotra,Male,57,Chennai,Tamil Nadu,2025-01-05,Gold,sneha.malhotra44@outlook.com
CUST-1622,Kavita Verma,Female,37,Indore,Madhya Pradesh,2025-06-29,Platinum,kavita.verma13@gmail.com
CUST-1623,Arjun Rao,Male,57,Mumbai,Maharashtra,2024-08-30,Platinum,arjun.rao65@outlook.com
CUST-1624,Meera Agarwal,Male,54,Ahmedabad,Gujarat,2024-08-14,Gold,meera.agarwal23@outlook.com
CUST-1625,Utkarsh Patel,Female,42,Chandigarh,Punjab,2026-07-05,Platinum,utkarsh.patel58@outlook.com
CUST-1626,Arjun Shah,Female,22,Mumbai,Maharashtra,2025-06-17,Gold,arjun.shah85@yahoo.co.in
CUST-1627,Aniket Shinde,Female,45,Chennai,Tamil Nadu,2026-06-20,Platinum,aniket.shinde44@hotmail.com
CUST-1628,Karan Iyer,Male,65,Mumbai,Maharashtra,2026-05-27,Standard,karan.iyer22@outlook.com
CUST-1629,Vikram Reddy,Male,60,Kolkata,West Bengal,2025-06-08,Silver,vikram.reddy98@outlook.com
CUST-1630,Aditi Bhat,Male,35,Coimbatore,Tamil Nadu,2026-07-08,Platinum,aditi.bhat77@yahoo.co.in
CUST-1631,Deepika Agarwal,Male,71,Ahmedabad,Gujarat,2024-12-20,Platinum,deepika.agarwal24@gmail.com
CUST-1632,Karan Verma,Female,67,Mysuru,Karnataka,2026-05-14,Platinum,karan.verma46@gmail.com
CUST-1633,Priya Shinde,Male,59,Pune,Maharashtra,2025-12-22,Platinum,priya.shinde45@gmail.com
CUST-1634,Meera Gupta,Male,23,Ahmedabad,Gujarat,2026-03-24,Standard,meera.gupta71@gmail.com
CUST-1635,Pooja Kumar,Female,55,Bengaluru,Karnataka,2025-12-27,Standard,pooja.kumar81@gmail.com
CUST-1636,Arjun Joshi,Female,30,Ahmedabad,Gujarat,2025-06-26,Standard,arjun.joshi14@outlook.com
CUST-1637,Alok Malhotra,Male,65,Pune,Maharashtra,2026-04-16,Gold,alok.malhotra65@outlook.com
CUST-1638,Sachin Pawar,Male,48,Kochi,Kerala,2024-07-25,Gold,sachin.pawar41@gmail.com
CUST-1639,Chetan Agarwal,Female,70,Delhi,Delhi,2026-02-25,Silver,chetan.agarwal43@gmail.com
CUST-1640,Isha Kumar,Female,58,Pune,Maharashtra,2025-05-27,Silver,isha.kumar20@gmail.com
CUST-1641,Bhavna Chowdhury,Female,60,Delhi,Delhi,2025-07-17,Platinum,bhavna.chowdhury75@outlook.com
CUST-1642,Alok Chowdhury,Male,54,Mysuru,Karnataka,2026-03-09,Gold,alok.chowdhury74@gmail.com
CUST-1643,Dev Verma,Male,58,Kochi,Kerala,2024-10-09,Platinum,dev.verma85@gmail.com
CUST-1644,Shreya Shinde,Female,65,Jaipur,Rajasthan,2025-04-03,Gold,shreya.shinde51@yahoo.co.in
CUST-1645,Amit Agarwal,Male,69,Kolkata,West Bengal,2024-08-25,Gold,amit.agarwal63@outlook.com
CUST-1646,Manish Patel,Male,50,Thane,Maharashtra,2025-01-01,Standard,manish.patel18@outlook.com
CUST-1647,Isha Rao,Male,66,Chennai,Tamil Nadu,2026-04-02,Gold,isha.rao41@hotmail.com
CUST-1648,Pranav Kumar,Male,63,Nagpur,Maharashtra,2026-04-21,Platinum,pranav.kumar99@hotmail.com
CUST-1649,Meera Banerjee,Male,48,Indore,Madhya Pradesh,2025-09-13,Gold,meera.banerjee42@outlook.com
CUST-1650,Tanvi Shah,Female,54,Jaipur,Rajasthan,2026-01-21,Standard,tanvi.shah90@hotmail.com
CUST-1651,Aniket Bhat,Male,53,Hyderabad,Telangana,2025-12-17,Platinum,aniket.bhat93@yahoo.co.in
CUST-1652,Riya Pawar,Male,72,Hyderabad,Telangana,2025-08-06,Standard,riya.pawar47@gmail.com
CUST-1653,Chetan Pawar,Female,38,Mumbai,Maharashtra,2025-03-23,Gold,chetan.pawar64@yahoo.co.in
CUST-1654,Sanjay Agarwal,Female,63,Pune,Maharashtra,2025-05-05,Silver,sanjay.agarwal38@yahoo.co.in
CUST-1655,Priya Pawar,Female,51,Delhi,Delhi,2025-07-15,Silver,priya.pawar62@outlook.com
CUST-1656,Kunal Pawar,Female,47,Chandigarh,Punjab,2025-02-17,Platinum,kunal.pawar23@gmail.com
CUST-1657,Sachin Patel,Male,52,Lucknow,Uttar Pradesh,2026-01-15,Platinum,sachin.patel69@outlook.com
CUST-1658,Utkarsh Sharma,Male,45,Bengaluru,Karnataka,2024-09-07,Standard,utkarsh.sharma66@gmail.com
CUST-1659,Vikram Shinde,Female,36,Kolkata,West Bengal,2025-05-04,Standard,vikram.shinde34@hotmail.com
CUST-1660,Karan Patel,Female,28,Nagpur,Maharashtra,2024-08-17,Silver,karan.patel24@outlook.com
CUST-1661,Varun Verma,Female,24,Indore,Madhya Pradesh,2024-08-09,Platinum,varun.verma48@hotmail.com
CUST-1662,Gaurav Sharma,Male,58,Chennai,Tamil Nadu,2025-02-11,Gold,gaurav.sharma75@gmail.com
CUST-1663,Arjun Mehta,Female,48,Bengaluru,Karnataka,2025-03-30,Standard,arjun.mehta23@hotmail.com
CUST-1664,Rahul Shah,Female,45,Lucknow,Uttar Pradesh,2026-03-30,Silver,rahul.shah11@outlook.com
CUST-1665,Aditi Agarwal,Male,64,Mysuru,Karnataka,2025-11-09,Platinum,aditi.agarwal55@gmail.com
CUST-1666,Varun Singh,Male,24,Chandigarh,Punjab,2025-08-01,Gold,varun.singh70@gmail.com
CUST-1667,Kavita Reddy,Female,48,Thane,Maharashtra,2026-02-25,Silver,kavita.reddy71@gmail.com
CUST-1668,Sanjay Rao,Female,59,Hyderabad,Telangana,2025-05-28,Platinum,sanjay.rao75@hotmail.com
CUST-1669,Riya Shinde,Male,26,Kolkata,West Bengal,2025-12-21,Standard,riya.shinde57@yahoo.co.in
CUST-1670,Divya Joshi,Female,58,Mysuru,Karnataka,2025-04-07,Gold,divya.joshi82@outlook.com
CUST-1671,Pooja Kulkarni,Male,29,Thane,Maharashtra,2025-03-16,Silver,pooja.kulkarni90@outlook.com
CUST-1672,Yash Shah,Male,46,Thane,Maharashtra,2025-06-04,Standard,yash.shah53@gmail.com
CUST-1673,Ananya Patel,Female,58,Hyderabad,Telangana,2024-09-17,Silver,ananya.patel86@hotmail.com
CUST-1674,Aaliyah Patel,Male,70,Jaipur,Rajasthan,2026-07-06,Platinum,aaliyah.patel88@outlook.com
CUST-1675,Vikram Das,Male,68,Jaipur,Rajasthan,2025-03-17,Standard,vikram.das62@outlook.com
CUST-1676,Shreya Bhat,Male,25,Mysuru,Karnataka,2024-09-17,Platinum,shreya.bhat63@gmail.com
CUST-1677,Aarav Mehta,Female,69,Mumbai,Maharashtra,2025-12-26,Silver,aarav.mehta98@gmail.com
CUST-1678,Aditi Iyer,Male,63,Surat,Gujarat,2026-07-03,Standard,aditi.iyer18@yahoo.co.in
CUST-1679,Pranav Verma,Male,46,Mysuru,Karnataka,2025-07-23,Standard,pranav.verma40@gmail.com
CUST-1680,Aniket Banerjee,Male,37,Jaipur,Rajasthan,2026-03-11,Platinum,aniket.banerjee29@outlook.com
CUST-1681,Alok Nair,Male,54,Pune,Maharashtra,2025-09-06,Standard,alok.nair75@yahoo.co.in
CUST-1682,Aniket Deshmukh,Female,59,Jaipur,Rajasthan,2025-04-17,Silver,aniket.deshmukh35@hotmail.com
CUST-1683,Isha Agarwal,Female,51,Coimbatore,Tamil Nadu,2024-11-11,Standard,isha.agarwal99@gmail.com
CUST-1684,Pranav Joshi,Male,26,Mysuru,Karnataka,2024-10-16,Gold,pranav.joshi69@hotmail.com
CUST-1685,Kunal Pawar,Male,45,Chandigarh,Punjab,2026-04-05,Silver,kunal.pawar10@gmail.com
CUST-1686,Divya Rao,Male,42,Hyderabad,Telangana,2024-10-13,Silver,divya.rao18@yahoo.co.in
CUST-1687,Sanjay Agarwal,Male,40,Lucknow,Uttar Pradesh,2025-02-04,Platinum,sanjay.agarwal72@hotmail.com
CUST-1688,Priya Bhat,Male,75,Hyderabad,Telangana,2024-08-14,Platinum,priya.bhat49@hotmail.com
CUST-1689,Vikram Bhat,Female,43,Hyderabad,Telangana,2025-10-20,Silver,vikram.bhat85@hotmail.com
CUST-1690,Dev Malhotra,Male,47,Chennai,Tamil Nadu,2026-03-06,Silver,dev.malhotra41@hotmail.com
CUST-1691,Pooja Mehta,Female,30,Indore,Madhya Pradesh,2026-03-15,Standard,pooja.mehta44@outlook.com
CUST-1692,Sneha Sharma,Male,33,Chandigarh,Punjab,2024-11-01,Gold,sneha.sharma45@outlook.com
CUST-1693,Aniket Agarwal,Female,50,Lucknow,Uttar Pradesh,2025-01-05,Standard,aniket.agarwal86@hotmail.com
CUST-1694,Aniket Kapoor,Female,72,Lucknow,Uttar Pradesh,2026-03-30,Silver,aniket.kapoor39@gmail.com
CUST-1695,Aaliyah Kapoor,Male,74,Delhi,Delhi,2024-10-25,Gold,aaliyah.kapoor84@yahoo.co.in
CUST-1696,Sanjay Verma,Male,26,Thane,Maharashtra,2024-12-14,Silver,sanjay.verma69@hotmail.com
CUST-1697,Deepika Patel,Male,22,Indore,Madhya Pradesh,2024-11-24,Silver,deepika.patel91@gmail.com
CUST-1698,Sneha Joshi,Female,59,Nagpur,Maharashtra,2026-05-06,Silver,sneha.joshi51@gmail.com
CUST-1699,Divya Joshi,Male,61,Mumbai,Maharashtra,2025-08-08,Gold,divya.joshi69@yahoo.co.in
CUST-1700,Rohan Kumar,Male,34,Chennai,Tamil Nadu,2025-03-18,Gold,rohan.kumar30@gmail.com
CUST-1701,Arjun Kulkarni,Male,28,Mysuru,Karnataka,2025-07-07,Gold,arjun.kulkarni60@yahoo.co.in
CUST-1702,Aditi Nair,Female,58,Coimbatore,Tamil Nadu,2026-05-24,Platinum,aditi.nair40@outlook.com
CUST-1703,Chaitanya Singh,Male,51,Kochi,Kerala,2025-04-20,Standard,chaitanya.singh53@yahoo.co.in
CUST-1704,Rohan Bhat,Female,66,Chandigarh,Punjab,2025-05-12,Gold,rohan.bhat34@yahoo.co.in
CUST-1705,Meera Joshi,Male,75,Nagpur,Maharashtra,2026-01-10,Platinum,meera.joshi37@outlook.com
CUST-1706,Aniket Shinde,Female,26,Lucknow,Uttar Pradesh,2025-06-07,Standard,aniket.shinde10@gmail.com
CUST-1707,Shreya Reddy,Female,64,Chennai,Tamil Nadu,2025-02-24,Standard,shreya.reddy89@hotmail.com
CUST-1708,Utkarsh Shinde,Male,43,Ahmedabad,Gujarat,2026-02-11,Gold,utkarsh.shinde52@hotmail.com
CUST-1709,Chetan Gupta,Male,26,Pune,Maharashtra,2025-02-13,Gold,chetan.gupta30@outlook.com
CUST-1710,Dev Deshmukh,Male,63,Pune,Maharashtra,2026-01-05,Silver,dev.deshmukh43@yahoo.co.in
CUST-1711,Tanvi Deshmukh,Male,40,Ahmedabad,Gujarat,2026-05-16,Standard,tanvi.deshmukh61@gmail.com
CUST-1712,Meera Bhat,Female,35,Coimbatore,Tamil Nadu,2026-05-06,Platinum,meera.bhat16@gmail.com
CUST-1713,Sachin Kapoor,Male,48,Coimbatore,Tamil Nadu,2025-06-26,Platinum,sachin.kapoor68@outlook.com
CUST-1714,Karan Shah,Female,47,Lucknow,Uttar Pradesh,2024-12-18,Platinum,karan.shah16@gmail.com
CUST-1715,Ananya Pawar,Female,60,Thane,Maharashtra,2024-10-04,Gold,ananya.pawar32@gmail.com
CUST-1716,Arjun Shah,Female,35,Bengaluru,Karnataka,2025-05-23,Silver,arjun.shah26@yahoo.co.in
CUST-1717,Sneha Nair,Male,74,Mumbai,Maharashtra,2025-10-31,Standard,sneha.nair77@yahoo.co.in
CUST-1718,Aniket Patel,Male,69,Pune,Maharashtra,2025-03-21,Standard,aniket.patel11@hotmail.com
CUST-1719,Nikhil Sharma,Female,37,Mumbai,Maharashtra,2026-04-04,Standard,nikhil.sharma19@yahoo.co.in
CUST-1720,Meera Mehta,Male,46,Chandigarh,Punjab,2025-01-28,Silver,meera.mehta31@hotmail.com
CUST-1721,Sachin Sharma,Male,63,Chandigarh,Punjab,2024-11-07,Standard,sachin.sharma94@hotmail.com
CUST-1722,Aarav Rao,Female,51,Delhi,Delhi,2025-07-26,Gold,aarav.rao24@hotmail.com
CUST-1723,Bhavna Malhotra,Female,56,Lucknow,Uttar Pradesh,2025-12-27,Silver,bhavna.malhotra50@gmail.com
CUST-1724,Divya Patel,Female,45,Ahmedabad,Gujarat,2025-07-07,Silver,divya.patel91@gmail.com
CUST-1725,Meera Banerjee,Female,35,Jaipur,Rajasthan,2026-01-25,Silver,meera.banerjee71@hotmail.com
CUST-1726,Chetan Kapoor,Male,52,Delhi,Delhi,2024-11-23,Gold,chetan.kapoor96@outlook.com
CUST-1727,Aaliyah Patel,Male,26,Lucknow,Uttar Pradesh,2025-11-17,Gold,aaliyah.patel55@yahoo.co.in
CUST-1728,Shreya Iyer,Female,46,Kolkata,West Bengal,2025-03-21,Platinum,shreya.iyer93@hotmail.com
CUST-1729,Neha Mehta,Female,56,Coimbatore,Tamil Nadu,2026-01-11,Platinum,neha.mehta76@hotmail.com
CUST-1730,Neha Kumar,Female,38,Surat,Gujarat,2025-03-18,Silver,neha.kumar12@hotmail.com
CUST-1731,Sneha Agarwal,Male,26,Nagpur,Maharashtra,2025-07-25,Gold,sneha.agarwal57@hotmail.com
CUST-1732,Aarav Reddy,Male,38,Mysuru,Karnataka,2025-03-11,Silver,aarav.reddy17@gmail.com
CUST-1733,Bhavna Chowdhury,Male,55,Surat,Gujarat,2026-06-18,Silver,bhavna.chowdhury32@yahoo.co.in
CUST-1734,Sanjay Reddy,Male,36,Hyderabad,Telangana,2026-02-09,Standard,sanjay.reddy75@hotmail.com
CUST-1735,Ananya Das,Female,65,Coimbatore,Tamil Nadu,2026-04-22,Standard,ananya.das98@hotmail.com
CUST-1736,Sanjay Bhat,Female,34,Nagpur,Maharashtra,2025-07-31,Silver,sanjay.bhat53@hotmail.com
CUST-1737,Rahul Reddy,Female,50,Nagpur,Maharashtra,2024-09-04,Standard,rahul.reddy49@yahoo.co.in
CUST-1738,Pranav Agarwal,Female,33,Ahmedabad,Gujarat,2026-06-01,Gold,pranav.agarwal59@gmail.com
CUST-1739,Alok Mehta,Female,66,Thane,Maharashtra,2025-01-14,Gold,alok.mehta27@hotmail.com
CUST-1740,Shreya Agarwal,Male,57,Ahmedabad,Gujarat,2024-08-25,Standard,shreya.agarwal71@yahoo.co.in
CUST-1741,Siddharth Agarwal,Female,38,Kochi,Kerala,2025-08-28,Standard,siddharth.agarwal35@yahoo.co.in
CUST-1742,Manish Joshi,Male,60,Jaipur,Rajasthan,2025-11-18,Gold,manish.joshi30@hotmail.com
CUST-1743,Manish Joshi,Male,32,Ahmedabad,Gujarat,2026-06-11,Gold,manish.joshi25@hotmail.com
CUST-1744,Isha Bhat,Male,60,Kochi,Kerala,2025-10-15,Platinum,isha.bhat96@hotmail.com
CUST-1745,Tanvi Banerjee,Male,74,Bengaluru,Karnataka,2026-06-08,Standard,tanvi.banerjee61@gmail.com
CUST-1746,Varun Chowdhury,Female,38,Delhi,Delhi,2024-10-21,Platinum,varun.chowdhury95@outlook.com
CUST-1747,Alok Bhat,Female,38,Chennai,Tamil Nadu,2025-11-27,Silver,alok.bhat69@yahoo.co.in
CUST-1748,Dev Rao,Male,25,Indore,Madhya Pradesh,2026-02-16,Gold,dev.rao80@yahoo.co.in
CUST-1749,Priya Das,Female,74,Nagpur,Maharashtra,2025-02-10,Platinum,priya.das16@gmail.com
CUST-1750,Divya Bhat,Male,46,Ahmedabad,Gujarat,2024-09-25,Gold,divya.bhat17@yahoo.co.in
CUST-1751,Kavita Shinde,Male,32,Pune,Maharashtra,2025-05-31,Silver,kavita.shinde55@hotmail.com
CUST-1752,Amit Patel,Male,28,Jaipur,Rajasthan,2026-01-13,Silver,amit.patel33@yahoo.co.in
CUST-1753,Deepika Reddy,Male,26,Indore,Madhya Pradesh,2025-09-27,Platinum,deepika.reddy75@outlook.com
CUST-1754,Kunal Rao,Female,46,Surat,Gujarat,2026-05-29,Gold,kunal.rao71@yahoo.co.in
CUST-1755,Meera Kapoor,Female,29,Kochi,Kerala,2025-10-01,Gold,meera.kapoor63@yahoo.co.in
CUST-1756,Vikram Das,Female,75,Lucknow,Uttar Pradesh,2026-03-20,Standard,vikram.das11@outlook.com
CUST-1757,Neha Patel,Male,59,Kolkata,West Bengal,2026-07-04,Standard,neha.patel11@gmail.com
CUST-1758,Isha Iyer,Female,52,Lucknow,Uttar Pradesh,2025-11-17,Gold,isha.iyer46@yahoo.co.in
CUST-1759,Ananya Pawar,Male,56,Mumbai,Maharashtra,2025-11-11,Gold,ananya.pawar52@hotmail.com
CUST-1760,Neha Joshi,Male,67,Hyderabad,Telangana,2025-07-16,Silver,neha.joshi61@yahoo.co.in
CUST-1761,Chetan Joshi,Female,66,Chennai,Tamil Nadu,2025-03-12,Gold,chetan.joshi18@outlook.com
CUST-1762,Vikram Iyer,Female,48,Lucknow,Uttar Pradesh,2026-01-28,Silver,vikram.iyer60@hotmail.com
CUST-1763,Aaliyah Iyer,Female,54,Thane,Maharashtra,2025-04-22,Gold,aaliyah.iyer94@yahoo.co.in
CUST-1764,Nikhil Singh,Male,47,Delhi,Delhi,2025-11-22,Standard,nikhil.singh55@yahoo.co.in
CUST-1765,Bhavna Agarwal,Female,74,Coimbatore,Tamil Nadu,2025-01-15,Platinum,bhavna.agarwal79@yahoo.co.in
CUST-1766,Karan Banerjee,Male,31,Mysuru,Karnataka,2026-05-02,Silver,karan.banerjee55@yahoo.co.in
CUST-1767,Neha Agarwal,Female,68,Hyderabad,Telangana,2025-06-26,Platinum,neha.agarwal27@outlook.com
CUST-1768,Riya Iyer,Female,39,Chandigarh,Punjab,2025-12-20,Silver,riya.iyer88@outlook.com
CUST-1769,Nikhil Kapoor,Female,67,Chandigarh,Punjab,2024-08-01,Platinum,nikhil.kapoor56@gmail.com
CUST-1770,Shreya Gupta,Female,44,Bengaluru,Karnataka,2026-03-24,Standard,shreya.gupta61@outlook.com
CUST-1771,Rohan Patel,Female,61,Chandigarh,Punjab,2026-03-13,Gold,rohan.patel66@outlook.com
CUST-1772,Chaitanya Gupta,Male,74,Delhi,Delhi,2025-12-08,Gold,chaitanya.gupta33@yahoo.co.in
CUST-1773,Aarav Rao,Female,46,Chandigarh,Punjab,2026-01-02,Platinum,aarav.rao83@hotmail.com
CUST-1774,Kavita Malhotra,Male,70,Pune,Maharashtra,2025-06-04,Gold,kavita.malhotra51@outlook.com
CUST-1775,Kunal Kumar,Female,40,Mumbai,Maharashtra,2026-02-18,Standard,kunal.kumar57@hotmail.com
CUST-1776,Kunal Chowdhury,Female,41,Nagpur,Maharashtra,2024-08-25,Platinum,kunal.chowdhury79@yahoo.co.in
CUST-1777,Arjun Agarwal,Female,41,Delhi,Delhi,2026-05-30,Gold,arjun.agarwal81@outlook.com
CUST-1778,Vikram Bhat,Female,44,Ahmedabad,Gujarat,2026-06-26,Silver,vikram.bhat56@yahoo.co.in
CUST-1779,Meera Kumar,Female,32,Pune,Maharashtra,2026-04-20,Gold,meera.kumar71@yahoo.co.in
CUST-1780,Aniket Bhat,Female,56,Thane,Maharashtra,2024-10-22,Gold,aniket.bhat20@yahoo.co.in
CUST-1781,Deepika Joshi,Male,72,Thane,Maharashtra,2025-08-09,Standard,deepika.joshi84@gmail.com
CUST-1782,Sachin Singh,Female,41,Lucknow,Uttar Pradesh,2025-04-30,Silver,sachin.singh44@gmail.com
CUST-1783,Tanvi Shah,Male,26,Ahmedabad,Gujarat,2025-12-26,Gold,tanvi.shah29@yahoo.co.in
CUST-1784,Pranav Kulkarni,Male,52,Nagpur,Maharashtra,2025-12-01,Standard,pranav.kulkarni53@hotmail.com
CUST-1785,Varun Das,Male,31,Chennai,Tamil Nadu,2025-06-28,Gold,varun.das90@gmail.com
CUST-1786,Nikhil Kapoor,Female,69,Surat,Gujarat,2025-12-15,Silver,nikhil.kapoor35@hotmail.com
CUST-1787,Pooja Joshi,Male,48,Chandigarh,Punjab,2025-04-18,Standard,pooja.joshi52@gmail.com
CUST-1788,Amit Nair,Male,42,Thane,Maharashtra,2025-12-18,Standard,amit.nair88@hotmail.com
CUST-1789,Rahul Singh,Female,26,Mumbai,Maharashtra,2024-09-12,Platinum,rahul.singh38@hotmail.com
CUST-1790,Utkarsh Agarwal,Male,61,Indore,Madhya Pradesh,2025-01-22,Platinum,utkarsh.agarwal92@outlook.com
CUST-1791,Yash Reddy,Female,28,Coimbatore,Tamil Nadu,2025-04-28,Platinum,yash.reddy54@hotmail.com
CUST-1792,Sanjay Bhat,Female,67,Chennai,Tamil Nadu,2025-07-27,Standard,sanjay.bhat76@yahoo.co.in
CUST-1793,Rohan Kumar,Female,28,Delhi,Delhi,2025-10-19,Platinum,rohan.kumar69@outlook.com
CUST-1794,Chetan Agarwal,Female,34,Chandigarh,Punjab,2025-03-01,Standard,chetan.agarwal40@hotmail.com
CUST-1795,Siddharth Kapoor,Male,26,Chandigarh,Punjab,2025-02-17,Silver,siddharth.kapoor26@hotmail.com
CUST-1796,Sachin Kapoor,Male,60,Delhi,Delhi,2025-12-24,Standard,sachin.kapoor57@hotmail.com
CUST-1797,Shreya Sharma,Female,34,Bengaluru,Karnataka,2025-08-19,Platinum,shreya.sharma12@outlook.com
CUST-1798,Siddharth Sharma,Female,53,Jaipur,Rajasthan,2024-08-05,Standard,siddharth.sharma94@gmail.com
CUST-1799,Pooja Singh,Female,45,Bengaluru,Karnataka,2024-12-24,Gold,pooja.singh13@hotmail.com
CUST-1800,Pranav Reddy,Male,46,Jaipur,Rajasthan,2025-12-16,Gold,pranav.reddy56@outlook.com
CUST-1801,Yash Verma,Male,23,Ahmedabad,Gujarat,2024-12-05,Gold,yash.verma10@hotmail.com
CUST-1802,Arjun Verma,Female,57,Kolkata,West Bengal,2024-09-10,Standard,arjun.verma13@yahoo.co.in
CUST-1803,Tanvi Pawar,Female,47,Ahmedabad,Gujarat,2025-10-30,Platinum,tanvi.pawar49@outlook.com
CUST-1804,Aditi Shah,Female,66,Indore,Madhya Pradesh,2026-03-05,Standard,aditi.shah30@hotmail.com
CUST-1805,Siddharth Kapoor,Female,45,Coimbatore,Tamil Nadu,2024-08-20,Gold,siddharth.kapoor98@gmail.com
CUST-1806,Arjun Gupta,Male,50,Lucknow,Uttar Pradesh,2025-07-26,Gold,arjun.gupta11@outlook.com
CUST-1807,Pooja Sharma,Female,22,Jaipur,Rajasthan,2024-12-11,Silver,pooja.sharma36@hotmail.com
CUST-1808,Kunal Chowdhury,Male,72,Coimbatore,Tamil Nadu,2025-05-26,Gold,kunal.chowdhury72@yahoo.co.in
CUST-1809,Deepika Joshi,Female,46,Hyderabad,Telangana,2024-12-16,Platinum,deepika.joshi94@hotmail.com
CUST-1810,Divya Chowdhury,Female,63,Indore,Madhya Pradesh,2025-05-03,Standard,divya.chowdhury21@yahoo.co.in
CUST-1811,Aditi Reddy,Female,27,Mysuru,Karnataka,2024-08-28,Gold,aditi.reddy30@yahoo.co.in
CUST-1812,Arjun Kapoor,Female,44,Chennai,Tamil Nadu,2025-11-02,Platinum,arjun.kapoor35@yahoo.co.in
CUST-1813,Yash Deshmukh,Male,61,Hyderabad,Telangana,2026-01-17,Gold,yash.deshmukh76@yahoo.co.in
CUST-1814,Pooja Joshi,Male,35,Thane,Maharashtra,2026-01-11,Silver,pooja.joshi34@gmail.com
CUST-1815,Sanjay Malhotra,Male,71,Nagpur,Maharashtra,2024-09-09,Silver,sanjay.malhotra97@outlook.com
CUST-1816,Vikram Chowdhury,Female,39,Surat,Gujarat,2025-10-19,Standard,vikram.chowdhury96@yahoo.co.in
CUST-1817,Gaurav Malhotra,Female,48,Indore,Madhya Pradesh,2025-08-01,Platinum,gaurav.malhotra42@gmail.com
CUST-1818,Aniket Kumar,Female,35,Ahmedabad,Gujarat,2024-11-27,Platinum,aniket.kumar92@yahoo.co.in
CUST-1819,Gaurav Kulkarni,Female,30,Lucknow,Uttar Pradesh,2025-12-22,Platinum,gaurav.kulkarni47@hotmail.com
CUST-1820,Ananya Iyer,Male,46,Coimbatore,Tamil Nadu,2025-07-24,Silver,ananya.iyer54@hotmail.com
CUST-1821,Alok Shinde,Male,38,Ahmedabad,Gujarat,2026-06-12,Standard,alok.shinde77@yahoo.co.in
CUST-1822,Tanvi Kapoor,Female,42,Hyderabad,Telangana,2025-07-30,Silver,tanvi.kapoor76@hotmail.com
CUST-1823,Rahul Pawar,Male,53,Kochi,Kerala,2024-12-07,Platinum,rahul.pawar17@outlook.com
CUST-1824,Dev Gupta,Male,55,Chandigarh,Punjab,2025-08-12,Silver,dev.gupta38@gmail.com
CUST-1825,Deepika Reddy,Female,33,Pune,Maharashtra,2025-08-17,Standard,deepika.reddy81@outlook.com
CUST-1826,Varun Kapoor,Female,60,Ahmedabad,Gujarat,2024-09-08,Gold,varun.kapoor64@gmail.com
CUST-1827,Sunil Deshmukh,Male,49,Mumbai,Maharashtra,2026-06-02,Silver,sunil.deshmukh75@gmail.com
CUST-1828,Rahul Nair,Male,23,Surat,Gujarat,2025-04-12,Gold,rahul.nair62@yahoo.co.in
CUST-1829,Sanjay Singh,Male,37,Bengaluru,Karnataka,2026-03-30,Silver,sanjay.singh31@yahoo.co.in
CUST-1830,Kunal Malhotra,Female,54,Nagpur,Maharashtra,2025-08-12,Silver,kunal.malhotra47@hotmail.com
CUST-1831,Riya Kulkarni,Male,73,Kochi,Kerala,2025-02-10,Gold,riya.kulkarni31@hotmail.com
CUST-1832,Neha Sharma,Female,63,Thane,Maharashtra,2025-03-14,Platinum,neha.sharma87@yahoo.co.in
CUST-1833,Aaliyah Kapoor,Male,60,Pune,Maharashtra,2024-08-23,Platinum,aaliyah.kapoor89@gmail.com
CUST-1834,Meera Nair,Female,34,Jaipur,Rajasthan,2026-02-17,Silver,meera.nair46@hotmail.com
CUST-1835,Aaliyah Mehta,Male,45,Surat,Gujarat,2025-09-25,Standard,aaliyah.mehta17@gmail.com
CUST-1836,Shreya Mehta,Female,30,Thane,Maharashtra,2025-07-14,Platinum,shreya.mehta55@hotmail.com
CUST-1837,Aditi Malhotra,Male,74,Pune,Maharashtra,2026-03-02,Standard,aditi.malhotra58@yahoo.co.in
CUST-1838,Isha Singh,Male,45,Thane,Maharashtra,2024-12-03,Standard,isha.singh37@outlook.com
CUST-1839,Chetan Bhat,Female,32,Jaipur,Rajasthan,2026-01-26,Platinum,chetan.bhat71@gmail.com
CUST-1840,Kavita Sharma,Male,25,Surat,Gujarat,2026-04-19,Platinum,kavita.sharma82@outlook.com
CUST-1841,Aarav Joshi,Female,71,Chennai,Tamil Nadu,2025-05-03,Gold,aarav.joshi21@outlook.com
CUST-1842,Sachin Malhotra,Female,60,Chennai,Tamil Nadu,2025-07-31,Silver,sachin.malhotra70@gmail.com
CUST-1843,Chetan Patel,Male,40,Mumbai,Maharashtra,2025-11-17,Silver,chetan.patel71@yahoo.co.in
CUST-1844,Divya Joshi,Female,48,Chennai,Tamil Nadu,2025-12-07,Silver,divya.joshi23@hotmail.com
CUST-1845,Shreya Kumar,Male,56,Surat,Gujarat,2025-01-19,Silver,shreya.kumar46@gmail.com
CUST-1846,Rohan Joshi,Female,66,Pune,Maharashtra,2025-02-02,Platinum,rohan.joshi47@yahoo.co.in
CUST-1847,Divya Gupta,Male,58,Lucknow,Uttar Pradesh,2025-11-20,Platinum,divya.gupta69@gmail.com
CUST-1848,Karan Gupta,Female,69,Indore,Madhya Pradesh,2025-04-30,Standard,karan.gupta89@outlook.com
CUST-1849,Priya Bhat,Female,60,Mumbai,Maharashtra,2025-06-20,Standard,priya.bhat96@gmail.com
CUST-1850,Alok Malhotra,Male,75,Mumbai,Maharashtra,2025-07-09,Standard,alok.malhotra19@outlook.com
CUST-1851,Yash Rao,Male,44,Ahmedabad,Gujarat,2025-01-05,Platinum,yash.rao86@hotmail.com
CUST-1852,Chetan Malhotra,Male,27,Jaipur,Rajasthan,2025-03-25,Gold,chetan.malhotra37@hotmail.com
CUST-1853,Yash Reddy,Male,73,Lucknow,Uttar Pradesh,2025-05-20,Platinum,yash.reddy18@yahoo.co.in
CUST-1854,Sunil Nair,Female,47,Pune,Maharashtra,2026-04-08,Platinum,sunil.nair84@gmail.com
CUST-1855,Sachin Shinde,Female,29,Mysuru,Karnataka,2025-09-06,Platinum,sachin.shinde65@gmail.com
CUST-1856,Karan Singh,Male,73,Chennai,Tamil Nadu,2025-01-23,Platinum,karan.singh89@gmail.com
CUST-1857,Pooja Singh,Male,27,Nagpur,Maharashtra,2024-08-01,Silver,pooja.singh43@yahoo.co.in
CUST-1858,Deepika Shah,Male,38,Pune,Maharashtra,2025-12-21,Platinum,deepika.shah14@outlook.com
CUST-1859,Priya Chowdhury,Female,68,Hyderabad,Telangana,2024-08-16,Gold,priya.chowdhury16@outlook.com
CUST-1860,Isha Joshi,Male,39,Bengaluru,Karnataka,2026-06-17,Platinum,isha.joshi53@outlook.com
CUST-1861,Sneha Bhat,Female,28,Indore,Madhya Pradesh,2025-03-14,Silver,sneha.bhat96@gmail.com
CUST-1862,Aarav Das,Female,51,Delhi,Delhi,2025-05-02,Gold,aarav.das46@outlook.com
CUST-1863,Sanjay Pawar,Female,62,Delhi,Delhi,2026-03-01,Standard,sanjay.pawar59@gmail.com
CUST-1864,Bhavna Chowdhury,Male,45,Kochi,Kerala,2025-02-02,Gold,bhavna.chowdhury11@gmail.com
CUST-1865,Priya Mehta,Female,51,Jaipur,Rajasthan,2025-02-19,Platinum,priya.mehta90@yahoo.co.in
CUST-1866,Chaitanya Nair,Male,58,Mysuru,Karnataka,2026-05-16,Standard,chaitanya.nair96@hotmail.com
CUST-1867,Alok Bhat,Female,73,Nagpur,Maharashtra,2025-04-05,Standard,alok.bhat86@outlook.com
CUST-1868,Bhavna Chowdhury,Female,34,Jaipur,Rajasthan,2025-11-07,Silver,bhavna.chowdhury54@gmail.com
CUST-1869,Sneha Nair,Female,30,Thane,Maharashtra,2025-03-04,Gold,sneha.nair85@hotmail.com
CUST-1870,Sunil Chowdhury,Female,26,Chennai,Tamil Nadu,2026-04-20,Gold,sunil.chowdhury25@hotmail.com
CUST-1871,Rahul Chowdhury,Female,41,Indore,Madhya Pradesh,2026-07-09,Platinum,rahul.chowdhury13@gmail.com
CUST-1872,Divya Pawar,Male,75,Surat,Gujarat,2025-09-25,Standard,divya.pawar13@gmail.com
CUST-1873,Dev Patel,Female,31,Kolkata,West Bengal,2025-04-05,Gold,dev.patel68@hotmail.com
CUST-1874,Aaliyah Banerjee,Female,63,Indore,Madhya Pradesh,2025-06-19,Standard,aaliyah.banerjee34@gmail.com
CUST-1875,Shreya Pawar,Male,31,Nagpur,Maharashtra,2025-11-02,Standard,shreya.pawar70@outlook.com
CUST-1876,Deepika Sharma,Male,71,Chennai,Tamil Nadu,2026-06-03,Platinum,deepika.sharma10@yahoo.co.in
CUST-1877,Amit Kapoor,Female,61,Delhi,Delhi,2026-02-03,Platinum,amit.kapoor44@outlook.com
CUST-1878,Rahul Iyer,Male,48,Indore,Madhya Pradesh,2025-12-21,Gold,rahul.iyer56@yahoo.co.in
CUST-1879,Rohan Shah,Female,44,Mysuru,Karnataka,2026-02-26,Standard,rohan.shah19@yahoo.co.in
CUST-1880,Karan Sharma,Male,58,Jaipur,Rajasthan,2025-08-14,Standard,karan.sharma99@yahoo.co.in
CUST-1881,Pooja Chowdhury,Female,42,Pune,Maharashtra,2026-04-07,Platinum,pooja.chowdhury32@outlook.com
CUST-1882,Gaurav Agarwal,Female,65,Chennai,Tamil Nadu,2025-09-22,Platinum,gaurav.agarwal36@hotmail.com
CUST-1883,Sunil Rao,Male,27,Pune,Maharashtra,2025-05-15,Standard,sunil.rao25@gmail.com
CUST-1884,Sachin Bhat,Male,38,Chandigarh,Punjab,2025-07-11,Silver,sachin.bhat97@outlook.com
CUST-1885,Chetan Kapoor,Male,29,Mysuru,Karnataka,2026-05-29,Silver,chetan.kapoor76@hotmail.com
CUST-1886,Aniket Patel,Female,45,Indore,Madhya Pradesh,2025-08-22,Silver,aniket.patel10@gmail.com
CUST-1887,Chaitanya Iyer,Male,25,Pune,Maharashtra,2024-09-16,Silver,chaitanya.iyer33@hotmail.com
CUST-1888,Kunal Singh,Female,62,Kochi,Kerala,2026-04-29,Silver,kunal.singh44@outlook.com
CUST-1889,Aditi Sharma,Female,40,Bengaluru,Karnataka,2024-07-29,Standard,aditi.sharma10@yahoo.co.in
CUST-1890,Aarav Mehta,Female,64,Hyderabad,Telangana,2024-11-29,Platinum,aarav.mehta13@hotmail.com
CUST-1891,Kavita Gupta,Female,72,Chandigarh,Punjab,2025-08-15,Standard,kavita.gupta99@outlook.com
CUST-1892,Nikhil Kumar,Female,56,Delhi,Delhi,2025-06-22,Standard,nikhil.kumar35@yahoo.co.in
CUST-1893,Meera Iyer,Male,53,Kochi,Kerala,2025-11-11,Standard,meera.iyer21@yahoo.co.in
CUST-1894,Utkarsh Patel,Female,33,Mumbai,Maharashtra,2024-10-06,Silver,utkarsh.patel49@yahoo.co.in
CUST-1895,Dev Mehta,Male,39,Jaipur,Rajasthan,2026-04-29,Standard,dev.mehta99@hotmail.com
CUST-1896,Rohan Kapoor,Female,39,Chandigarh,Punjab,2024-09-28,Gold,rohan.kapoor61@outlook.com
CUST-1897,Yash Banerjee,Male,42,Bengaluru,Karnataka,2024-12-28,Standard,yash.banerjee12@gmail.com
CUST-1898,Dev Iyer,Female,60,Thane,Maharashtra,2024-10-20,Gold,dev.iyer22@gmail.com
CUST-1899,Deepika Sharma,Female,25,Bengaluru,Karnataka,2025-09-16,Platinum,deepika.sharma70@outlook.com
CUST-1900,Amit Kulkarni,Female,49,Lucknow,Uttar Pradesh,2026-04-15,Gold,amit.kulkarni45@yahoo.co.in
CUST-1901,Alok Gupta,Male,26,Surat,Gujarat,2025-05-17,Silver,alok.gupta38@outlook.com
CUST-1902,Karan Shah,Female,58,Hyderabad,Telangana,2024-07-30,Platinum,karan.shah71@hotmail.com
CUST-1903,Pranav Bhat,Male,73,Hyderabad,Telangana,2024-10-18,Platinum,pranav.bhat23@hotmail.com
CUST-1904,Tanvi Singh,Female,45,Lucknow,Uttar Pradesh,2026-03-20,Silver,tanvi.singh63@hotmail.com
CUST-1905,Alok Malhotra,Female,51,Hyderabad,Telangana,2025-05-13,Silver,alok.malhotra50@yahoo.co.in
CUST-1906,Divya Mehta,Female,64,Indore,Madhya Pradesh,2025-07-01,Platinum,divya.mehta82@outlook.com
CUST-1907,Manish Nair,Male,68,Indore,Madhya Pradesh,2026-02-14,Silver,manish.nair72@gmail.com
CUST-1908,Pooja Das,Male,72,Nagpur,Maharashtra,2025-02-06,Gold,pooja.das54@outlook.com
CUST-1909,Nikhil Kumar,Male,47,Hyderabad,Telangana,2026-03-25,Standard,nikhil.kumar80@hotmail.com
CUST-1910,Amit Deshmukh,Male,61,Coimbatore,Tamil Nadu,2024-09-10,Platinum,amit.deshmukh53@hotmail.com
CUST-1911,Gaurav Shinde,Male,52,Indore,Madhya Pradesh,2026-03-10,Platinum,gaurav.shinde81@hotmail.com
CUST-1912,Isha Reddy,Male,40,Surat,Gujarat,2024-11-02,Standard,isha.reddy51@yahoo.co.in
CUST-1913,Utkarsh Verma,Male,38,Coimbatore,Tamil Nadu,2026-05-06,Gold,utkarsh.verma23@outlook.com
CUST-1914,Siddharth Chowdhury,Male,58,Mumbai,Maharashtra,2025-02-21,Silver,siddharth.chowdhury84@outlook.com
CUST-1915,Karan Joshi,Male,44,Thane,Maharashtra,2025-05-03,Standard,karan.joshi22@yahoo.co.in
CUST-1916,Yash Rao,Female,63,Hyderabad,Telangana,2025-01-09,Standard,yash.rao55@hotmail.com
CUST-1917,Sneha Verma,Male,35,Hyderabad,Telangana,2025-05-14,Platinum,sneha.verma10@outlook.com
CUST-1918,Alok Agarwal,Male,73,Nagpur,Maharashtra,2025-10-05,Silver,alok.agarwal46@hotmail.com
CUST-1919,Chaitanya Sharma,Female,46,Chennai,Tamil Nadu,2026-07-08,Platinum,chaitanya.sharma26@outlook.com
CUST-1920,Bhavna Patel,Female,44,Delhi,Delhi,2026-04-04,Silver,bhavna.patel34@outlook.com
CUST-1921,Dev Malhotra,Male,45,Thane,Maharashtra,2025-09-11,Platinum,dev.malhotra11@gmail.com
CUST-1922,Neha Kumar,Female,35,Pune,Maharashtra,2024-12-06,Gold,neha.kumar97@hotmail.com
CUST-1923,Kavita Kapoor,Female,59,Coimbatore,Tamil Nadu,2025-10-29,Gold,kavita.kapoor64@gmail.com
CUST-1924,Utkarsh Agarwal,Female,72,Kolkata,West Bengal,2024-09-07,Gold,utkarsh.agarwal81@outlook.com
CUST-1925,Riya Reddy,Female,68,Chennai,Tamil Nadu,2025-12-22,Silver,riya.reddy15@hotmail.com
CUST-1926,Shreya Shah,Female,36,Delhi,Delhi,2025-09-27,Gold,shreya.shah39@yahoo.co.in
CUST-1927,Rohan Kulkarni,Male,31,Chennai,Tamil Nadu,2025-09-26,Silver,rohan.kulkarni22@gmail.com
CUST-1928,Nikhil Mehta,Male,38,Bengaluru,Karnataka,2026-01-13,Gold,nikhil.mehta32@yahoo.co.in
CUST-1929,Gaurav Das,Male,54,Nagpur,Maharashtra,2024-12-24,Platinum,gaurav.das94@yahoo.co.in
CUST-1930,Amit Reddy,Male,69,Hyderabad,Telangana,2026-03-26,Gold,amit.reddy62@gmail.com
CUST-1931,Isha Pawar,Female,74,Bengaluru,Karnataka,2026-04-08,Standard,isha.pawar17@hotmail.com
CUST-1932,Sachin Shinde,Female,50,Mysuru,Karnataka,2026-06-14,Gold,sachin.shinde80@outlook.com
CUST-1933,Arjun Patel,Female,52,Coimbatore,Tamil Nadu,2025-08-01,Standard,arjun.patel26@gmail.com
CUST-1934,Alok Bhat,Male,55,Coimbatore,Tamil Nadu,2024-12-02,Platinum,alok.bhat54@hotmail.com
CUST-1935,Utkarsh Kumar,Female,50,Jaipur,Rajasthan,2025-05-16,Gold,utkarsh.kumar99@hotmail.com
CUST-1936,Neha Nair,Male,47,Hyderabad,Telangana,2024-09-17,Silver,neha.nair30@gmail.com
CUST-1937,Rahul Bhat,Male,51,Coimbatore,Tamil Nadu,2024-11-13,Platinum,rahul.bhat45@gmail.com
CUST-1938,Neha Kulkarni,Male,39,Mysuru,Karnataka,2025-05-07,Standard,neha.kulkarni41@yahoo.co.in
CUST-1939,Manish Shah,Female,68,Kolkata,West Bengal,2026-05-09,Gold,manish.shah55@yahoo.co.in
CUST-1940,Neha Banerjee,Male,29,Kochi,Kerala,2026-03-13,Silver,neha.banerjee78@yahoo.co.in
CUST-1941,Shreya Banerjee,Male,45,Ahmedabad,Gujarat,2025-09-26,Platinum,shreya.banerjee55@yahoo.co.in
CUST-1942,Sunil Joshi,Male,36,Surat,Gujarat,2025-07-13,Platinum,sunil.joshi57@gmail.com
CUST-1943,Sunil Rao,Male,52,Kolkata,West Bengal,2024-07-28,Standard,sunil.rao39@hotmail.com
CUST-1944,Aaliyah Banerjee,Female,44,Ahmedabad,Gujarat,2026-01-18,Platinum,aaliyah.banerjee95@yahoo.co.in
CUST-1945,Utkarsh Nair,Male,39,Hyderabad,Telangana,2024-12-28,Platinum,utkarsh.nair54@hotmail.com
CUST-1946,Bhavna Chowdhury,Male,56,Mumbai,Maharashtra,2026-07-19,Gold,bhavna.chowdhury82@outlook.com
CUST-1947,Chetan Bhat,Male,64,Lucknow,Uttar Pradesh,2026-02-28,Standard,chetan.bhat16@gmail.com
CUST-1948,Siddharth Agarwal,Male,58,Kochi,Kerala,2026-07-10,Standard,siddharth.agarwal74@outlook.com
CUST-1949,Pranav Gupta,Female,75,Bengaluru,Karnataka,2025-10-10,Standard,pranav.gupta51@outlook.com
CUST-1950,Aarav Banerjee,Male,27,Hyderabad,Telangana,2026-05-13,Silver,aarav.banerjee40@outlook.com
CUST-1951,Rohan Verma,Female,41,Delhi,Delhi,2025-03-19,Gold,rohan.verma52@gmail.com
CUST-1952,Manish Kumar,Female,43,Kochi,Kerala,2025-07-17,Gold,manish.kumar21@yahoo.co.in
CUST-1953,Meera Verma,Male,29,Nagpur,Maharashtra,2024-09-12,Silver,meera.verma50@gmail.com
CUST-1954,Kunal Shinde,Female,38,Jaipur,Rajasthan,2025-10-24,Platinum,kunal.shinde71@yahoo.co.in
CUST-1955,Chetan Patel,Female,75,Pune,Maharashtra,2026-03-25,Gold,chetan.patel82@yahoo.co.in
CUST-1956,Ananya Verma,Female,46,Mumbai,Maharashtra,2025-10-07,Silver,ananya.verma35@yahoo.co.in
CUST-1957,Sunil Iyer,Male,48,Pune,Maharashtra,2024-09-07,Silver,sunil.iyer98@hotmail.com
CUST-1958,Yash Patel,Male,33,Kolkata,West Bengal,2026-06-11,Gold,yash.patel64@yahoo.co.in
CUST-1959,Riya Kulkarni,Female,35,Lucknow,Uttar Pradesh,2025-05-15,Standard,riya.kulkarni39@gmail.com
CUST-1960,Aniket Pawar,Female,66,Ahmedabad,Gujarat,2026-01-16,Silver,aniket.pawar56@hotmail.com
CUST-1961,Isha Agarwal,Male,29,Bengaluru,Karnataka,2024-12-28,Gold,isha.agarwal84@gmail.com
CUST-1962,Ananya Reddy,Female,45,Ahmedabad,Gujarat,2024-11-03,Platinum,ananya.reddy28@hotmail.com
CUST-1963,Aaliyah Joshi,Female,30,Ahmedabad,Gujarat,2024-11-29,Gold,aaliyah.joshi72@yahoo.co.in
CUST-1964,Kavita Verma,Male,71,Kolkata,West Bengal,2025-07-12,Silver,kavita.verma85@hotmail.com
CUST-1965,Aaliyah Das,Male,39,Thane,Maharashtra,2025-02-21,Gold,aaliyah.das73@outlook.com
CUST-1966,Kunal Shah,Female,54,Lucknow,Uttar Pradesh,2024-08-05,Standard,kunal.shah88@outlook.com
CUST-1967,Aarav Kulkarni,Male,71,Bengaluru,Karnataka,2025-12-12,Silver,aarav.kulkarni36@gmail.com
CUST-1968,Alok Mehta,Female,53,Thane,Maharashtra,2026-01-03,Silver,alok.mehta78@hotmail.com
CUST-1969,Bhavna Iyer,Female,23,Thane,Maharashtra,2026-06-15,Silver,bhavna.iyer79@outlook.com
CUST-1970,Kunal Malhotra,Female,43,Nagpur,Maharashtra,2024-12-20,Platinum,kunal.malhotra38@hotmail.com
CUST-1971,Priya Gupta,Male,24,Surat,Gujarat,2025-09-22,Silver,priya.gupta26@gmail.com
CUST-1972,Aaliyah Gupta,Female,74,Surat,Gujarat,2026-06-15,Platinum,aaliyah.gupta90@hotmail.com
CUST-1973,Yash Patel,Female,72,Kolkata,West Bengal,2025-11-26,Silver,yash.patel36@yahoo.co.in
CUST-1974,Divya Joshi,Male,71,Bengaluru,Karnataka,2025-04-14,Standard,divya.joshi28@yahoo.co.in
CUST-1975,Aarav Shinde,Male,71,Pune,Maharashtra,2024-12-03,Gold,aarav.shinde48@gmail.com
CUST-1976,Neha Patel,Male,45,Chennai,Tamil Nadu,2025-03-12,Standard,neha.patel37@yahoo.co.in
CUST-1977,Aditi Deshmukh,Male,56,Kochi,Kerala,2026-02-27,Silver,aditi.deshmukh81@outlook.com
CUST-1978,Riya Agarwal,Female,35,Kochi,Kerala,2025-02-26,Gold,riya.agarwal18@gmail.com
CUST-1979,Chetan Verma,Male,63,Lucknow,Uttar Pradesh,2024-11-21,Standard,chetan.verma24@gmail.com
CUST-1980,Varun Joshi,Male,60,Kolkata,West Bengal,2025-04-15,Silver,varun.joshi97@hotmail.com
CUST-1981,Aniket Kulkarni,Male,40,Pune,Maharashtra,2025-01-05,Gold,aniket.kulkarni35@gmail.com
CUST-1982,Aniket Pawar,Male,62,Coimbatore,Tamil Nadu,2024-12-17,Gold,aniket.pawar44@gmail.com
CUST-1983,Yash Deshmukh,Female,34,Surat,Gujarat,2025-01-19,Platinum,yash.deshmukh77@hotmail.com
CUST-1984,Riya Deshmukh,Female,39,Mysuru,Karnataka,2025-09-23,Standard,riya.deshmukh52@outlook.com
CUST-1985,Sneha Singh,Female,66,Pune,Maharashtra,2024-11-06,Standard,sneha.singh61@outlook.com
CUST-1986,Kunal Patel,Female,47,Thane,Maharashtra,2025-06-06,Silver,kunal.patel16@hotmail.com
CUST-1987,Rahul Kulkarni,Female,75,Nagpur,Maharashtra,2025-12-03,Standard,rahul.kulkarni50@yahoo.co.in
CUST-1988,Neha Shinde,Male,69,Delhi,Delhi,2025-06-22,Standard,neha.shinde45@hotmail.com
CUST-1989,Neha Das,Male,30,Surat,Gujarat,2024-11-10,Silver,neha.das90@outlook.com
CUST-1990,Aaliyah Verma,Male,26,Chandigarh,Punjab,2026-01-19,Standard,aaliyah.verma40@gmail.com
CUST-1991,Bhavna Shinde,Female,27,Thane,Maharashtra,2025-08-17,Platinum,bhavna.shinde23@yahoo.co.in
CUST-1992,Karan Kumar,Male,28,Mysuru,Karnataka,2025-10-14,Platinum,karan.kumar90@gmail.com
CUST-1993,Dev Patel,Male,27,Indore,Madhya Pradesh,2024-11-29,Standard,dev.patel41@outlook.com
CUST-1994,Shreya Patel,Male,69,Delhi,Delhi,2025-11-17,Standard,shreya.patel82@yahoo.co.in
CUST-1995,Sunil Sharma,Male,70,Surat,Gujarat,2024-10-25,Gold,sunil.sharma29@gmail.com
CUST-1996,Utkarsh Shinde,Female,57,Nagpur,Maharashtra,2025-03-07,Gold,utkarsh.shinde25@hotmail.com
CUST-1997,Ananya Pawar,Male,71,Mumbai,Maharashtra,2026-07-12,Standard,ananya.pawar34@gmail.com
CUST-1998,Sachin Bhat,Male,51,Mysuru,Karnataka,2026-04-10,Silver,sachin.bhat43@yahoo.co.in
CUST-1999,Siddharth Mehta,Female,44,Chennai,Tamil Nadu,2025-03-14,Gold,siddharth.mehta10@yahoo.co.in
CUST-2000,Aditi Kulkarni,Female,74,Delhi,Delhi,2026-04-12,Standard,aditi.kulkarni29@outlook.com
